posName,salaryStr,city,comName,posDesc,taoLableList,degreeStr,degreeStr2,workYearStr,workLocationStr,posKeywordList,industryStr,propertyStr
技术总监,25-40K,温州,科都电气股份有限公司,"1. 10年以上器具开关或低压电气开关研发技术经验，5年以上同岗位工作经历。
2. 50人以上研发团队管理经验。                                                                             
3. 深刻领会ISO9001、IATF16949体系内涵。                                                         
4. 精通器具开关或低压电气产品标准，熟悉欧美相关标准优先。                                                      5. 有中大型电气开关企业或知名企业工作经历优先。","['年终奖', '绩效奖', '免费旅游', '节日福利', '工作环境优美', '交通便利', '包住', '生日礼物', '全勤奖', '8小时工作制']",大专,学历不限,10年,温州-乐清市,"['ISO9001', 'IATF16949']",生产/制造/加工,全职
仪器仪表调试及维修,9-9.5K,东莞,广东环瑞测试设备有限公司,"岗位职责：
1、负责所辖区域内机械装置的管理，对损坏的设备进行维修、组件更换等；
2、负责定期对公司的机械设备进行检测和保养，并制订设备维修方案，方便日后进行查阅参考；
3、负责参与公司重点机械设备的检测和使用管理；
4、负责参与公司组织的重要设备抢修行动，排除设备故障；
5、负责对机械设备的组件需求文档进行编写设计，并对相关技术难点进行攻克；
6、负责协助公司其他部门进行机械设备的外借工作，积极参与公司设备优化调试等。

任职要求：
1、专科以上学历，机械或机电类专业；
2、30岁左右；
3、3年以上设备维修工作经验；
4、具备良好的沟通能力，吃苦耐劳，主动积极，具备团队合作精神；","['包食宿', '出差餐补', '提供宿舍', '八小时工作制', '绩效奖', '免费培训', '团队活动丰富', '餐补', '工作环境优美', '五险一金']",高中,学历不限,3年,东莞-东城区,"['恒温', '冷热冲击箱', '环境', '售后']",仪器仪表,全职
仪器仪表工程师,8-12K,国外,群光电能科技（东莞）有限公司,"岗位职责：
1、负责工厂内部仪器 / 设备/ 量具的校验，熟练掌握仪器 / 设备/ 量具校验的方式方法；
2、负责工厂内部校验不通过的设备维修，以及联络外部设备维修事宜；
3、负责与外部校验单位协调沟通来工厂现场校验事宜；
4、负责客户稽核现场仪器校验事宜；
5、负责校准实验室标准件维护；
6、负责当地校验工程师的相关培训。

任职要求：
1、电子 / 电气 / 计算机相关专业；
2、三年以上工作经验
3、能接受长期国外出差或国外派驻；
4、英语 4 级；","['餐补', '房补', '五险一金', '8小时工作制', '全勤奖', '绩效奖', '年终奖', '股票期权', '试用期全薪', '工作环境优美']",大专,学历不限,3年,国外,"['质量管理体系', '质量管理决策', '信息支持', '质量管理计划', '产品质量检验标准']",生产/制造/加工,全职
常务副总经理,15-25K,东莞,广东镁驰精密技术有限公司,"岗位职责：
1.负责厂区生产管理，生产计划制定，生产任务下达、组织和过程把控等；
2.负责厂区质量管理工作，从产品研发、生产制造到售后服务，建立并不断完善全过程的质量管理体系；
3.负责厂区人员管理。人员培养、晋升、绩效考核、培训等；
4.完成董事会制定的发展目标。
","['包吃', '包住', '五险', '工作环境优美', '绩效奖', '交通便利', '弹性工作时间', '8小时工作制']",大专,学历不限,6年,东莞-大朗镇,"['精益管理', '成本管控', '生产安全管理']",生产/制造/加工,全职
人事行政经理,10-15K,东莞,广东浩领创意包装有限公司,"核心工作职责：
1、协助总经理制定年度经营计划及各阶段工作目标分解。
2、协助总经理处理公司内部日常事务及协调各职能部门的工作关系、协调内部资源。
3、撰写总经理会议、专题研讨会等会议纪要，跟踪落实会议内容，协助各部门解决落实过程中的困难。
4、协助总经理进行公司企业文化的建设，配合各部门营造企业文化氛围。
5、协助总经理提升基地品质管理和客户服务管理，推动流程改进。
6、负责全面的人力资源管理工作，包括人力资源规划、招聘、培训、绩效评估、员工关系、薪酬福利等。
7、负责全面的行政事物管理工作，包括维护办公秩序、办公环境、消防安全、安保、食堂、宿舍、绿化管理等，并形成相应的管理制度。
8、制定各类行政应急预案，处理各项突发事件。
9、具有印刷包装行业经验。","['8小时工作制', '带薪年假', '弹性工作时间', '五险', '包吃', '绩效奖', '节日福利', '生日礼物', '工作环境优美', '交通便利']",大专,学历不限,5年,东莞-常平镇,['印刷包装行业'],印刷/包装/造纸,全职
仓库主管,10-15K,东莞,广东卡游实业有限公司,"工作职责:
1. 库存管理：负责仓库的整体库存管理，包括原材料、半成品、包装材料和成品的入库、出库、存储和盘点，确保库存数据准确性。
2. 流程优化：制定和执行仓储操作流程、库存控制策略和安全措施，优化仓库空间布局，提高存储效率。
3. 生产协调：密切配合生产部门，根据生产计划安排物料供应，确保包装材料及时送达生产线，不影响生产进度。
4. 质量监控：负责仓库内物料的质量检查，特别是包装材料的品质，确保用于玩具包装的材料符合标准，防止不合格品流入生产线。
5. 团队管理：领导和培训仓库员工，确保团队遵守操作规程，提升工作效率，维护良好的工作秩序。
6. 系统管理：运用仓库管理系统进行数据录入和查询，保证库存数据的实时更新，定期出具库存报告。
7. 成本控制：监控物料消耗，通过精确管理减少库存积压和浪费，降低物料成本。
8. 安全与合规：确保仓库作业符合国家安全、消防、环保等相关法规要求，定期组织安全培训和演练。","['包吃', '包住', '加班补助', '五险一金', '全勤奖', '免费培训', '节日福利', '工作环境优美', '8小时工作制', '免费旅游']",大专,学历不限,不限,东莞-企石镇,[],玩具/礼品,全职
蓝牙耳机结构高级工程师/经理,20-40K·14薪,深圳,深圳市恩乐实业有限公司,"任职要求：（有管理经验的可匹配经理岗，经理岗需要既懂结构又懂模具，薪资可谈）
1、大专以上学历,机械、机电、模具等相关专业；
2、有TWS耳机的结构设计经验.,5年以上结构设计经验；
3、熟悉软件:Proe,Cad；
4、熟悉数码音像产品，3C电子产品的结构设计,熟悉相关材质和模具结构；
5、熟悉新产品的开发流程和生产不良异常处理；
6、有团队合作精神,有责任感,心态好。

 
岗位职责：
1、新产品ID评审,产品结构设计和评审，老品的研发精益改善；
2、手板打样,制样,试模,跟模,试产,量产；
3、新产品结构设计文件的输入和输出；
4、旧产品不良维护和优化改良。","['包吃', '包住', '五险一金', '8小时工作制', '带薪年假', '弹性工作时间', '试用期全薪', '绩效奖', '项目奖', '季度奖', '年终奖', '股票期权', '免费体检', '免费旅游', '免费培训']",大专,学历不限,5年,深圳-宝安区,"['AutoCAD', 'UG', 'ProE', '产品研发', '产品设计', '标准操作规程', '蓝牙耳机产品', 'TWS耳机']",生产/制造/加工,全职
人事经理,15-20K,东莞,东莞市连大精密制品有限公司,"1.年龄30-40岁，人力资源、行政管理、工商管理等相关专业本科以上学历；
2.5年以上人力资源及行政相关工作，2年以上经理岗位工作经验；
3.了解现代企业人力资源管理模式并积累了丰富的实践经验，对人力资源管理各个
  职能模块（人资规划招聘、培训、薪酬福利、绩效、劳动关系）均有较深入的认
  识，尤其在制造型企业的招聘及员工关系模块相当熟悉，并在实践中有成功经验
4.有大型企业及台企或上市企业工作经验者优先。
5.工作地址：东莞市","['包吃', '包住', '免费培训', '餐补', '全勤奖', '带薪年假', '工作环境优美', '节日福利', '五险']",大专,学历不限,5年,东莞-大岭山镇,"['人力资源', '人事', '培训', '招聘', '招聘渠道', '人力资源管理', '行政', '绩效考核', '员工']",电子/半导体/集成电路,全职
生产副总,25-45K,台州,西诺控股集团有限公司,"基本要求：
1、30岁至50岁
2、具有高度责任感和事业心，有丰富的模具制作及模具管理工作经验
3、具备出众的领导管理能力及良好的管理理念
4、熟悉人力资源管理，生产系统管理，财务管理及市场运作管理等知识，并具有丰富的实际操作经验
5、熟悉模具模具3D、2D、模具制作工艺流程。
具备成本控制知识及意识、6S管理及相关培训、安全管理。
工作经验：
1、十年以上中型模具制造团队管理经验，熟悉先进的、具有竞争有时的生产管理、品质管理、技术研发管理、人力资源管理和成本控制管理等，具有良好的综合素养和能力。
2、政策制定能力强，承受较大工作压力。","['免费培训', '全勤奖', '绩效奖', '包住', '五险', '节日福利', '生日礼物', '团队活动丰富', '8小时工作制', '试用期全薪']",大专,学历不限,应届毕业生,台州-黄岩区,['模具'],生产/制造/加工,全职
仪器仪表研发经理/工程经理,12-24K,东莞,东莞海旭智能科技有限公司,"岗位职责：
1、制定公司研发战略，确保与公司整体目标一致
2、负责研发项目的规划、实施和监控，确保项目按时完成
3、管理研发团队，分配任务并监督执行
4、领导新产品的设计、开发和测试，确保产品符合市场需求
5、组织技术调研，跟踪行业技术动态，推动技术创新
6、协调跨部门合作，确保研发与生产、市场等部门有效衔接
7、为生产、销售等部门提供技术支持，解决技术难题
8、分析现有产品的技术问题，提出改进方案并推动实施
9、参与客户技术交流，解答技术问题并提供解决方案
10、负责研发过程中技术文档的编写、审核和归档，确保技术文档的准确性和完整性
11、负责公司知识产权的申请、维护和管理，组织专利检索和分析
12、制定研发预算，控制研发成本，分析研发成本并提出节约方案
13、负责研发团队的建设和培训，提升团队技术水平，制定团队培训计划并组织技术交流活动

任职要求：
1、本科及以上学历，仪器仪表、自动化、电子工程等相关专业
2、5年以上仪器仪表行业研发经验，3年以上研发团队管理经验
3、熟悉仪器仪表行业的技术发展趋势和市场需求
4、精通产品开发流程，具备丰富的项目管理经验
5、熟练使用常用设计软件和开发工具
6、具备较强的分析和解决问题的能力，能应对复杂技术问题
7、具备良好的沟通和协调能力，能与各部门有效合作
8、具备团队管理经验，能有效组织和激励团队
9、具备创新思维，能提出新技术、新产品方案并推动实施
10、工作认真负责，能承受工作压力，确保任务按时完成
11、具备英语读写能力，能阅读和撰写英文技术文档
12、有成功领导大型研发项目经验者优先
13、熟悉ISO9001等质量管理体系者优先","['包吃', '包住', '交通补助', '五险一金', '8小时工作制', '带薪年假', '绩效奖', '全勤奖', '项目奖', '年终奖', '股票期权', '免费旅游', '免费培训', '生日礼物', '节日福利']",本科,学历不限,5年,东莞-谢岗镇,"['仪器', '仪表', '燃气表', '电表', '研发经理', '工艺经理', 'PIE', 'IE']",橡胶/塑料制品,全职
人资总监,15-25K,东莞,东莞市朗晟材料科技有限公司,"1. 战略规划:
根据公司战略，制定并实施人力资源战略规划，确保人力资源体系与公司发展目标一致。
分析行业趋势和人才市场动态，预测未来人力资源需求，制定人才储备和培养计划。
2. 组织发展:
优化公司组织架构，提升组织效率和竞争力。
建立并完善职位体系、职级体系和薪酬体系，确保内部公平性和外部竞争力。
3. 人才招聘:
制定并实施招聘策略，拓展招聘渠道，确保公司人才需求得到满足。
领导招聘团队，负责关键岗位的招聘工作。
4. 培训发展:
建立并完善培训体系，制定培训计划，提升员工技能和素质。
关注员工职业发展，制定职业发展规划和晋升机制。
5. 绩效管理:
建立并完善绩效管理体系，制定绩效考核指标和流程。
组织实施绩效考核，评估员工绩效，提供反馈和改进建议。
6. 薪酬福利:
制定并实施薪酬福利政策，确保薪酬体系的公平性和竞争力。
7. 员工关系:
建立和谐的员工关系，处理员工投诉和劳动纠纷。
组织员工活动，提升员工满意度和归属感。
8. 团队管理:
领导和管理人力资源团队，提升团队专业能力和工作效率。","['包吃', '包住', '工伤保险', '生育保险', '医疗保险', '失业保险', '工作环境优美', '餐补', '绩效奖', '五险']",大专,学历不限,10年,东莞-茶山镇,[],新材料,全职
资深电气工程师,30-50K,东莞,广东康普精密技术有限公司,"1）年龄：40岁以下；
2）专业：电气自动化；
3）学历：本科及以上；
4）工作年限：从事PLC编程工作6年以上；
5）技能：精通三菱、欧姆龙、汇川PLC控制系统；熟悉使用CAD和Eplan绘图软件；
6）优先权：有锂电设备行业涂布机、辊压机，分切机，卷绕机从业经验者优先；
7）基本知识储备：
a.熟练运用PLC编程语言：梯形图、ST等；
b.熟悉各个电气元器件的作用，并能够合理应用；
c.熟悉《电工技术》、《电子技术》、《控制理论》、《信息处理》等专业基础知识；
d.能够独立编写整机控制程序；对张力、卷径计算，高速收放同步控制等有高等算法
e.会接线；
8）主要职责：
a.分切机PLC控制程序编写；
b.分切机电气元件选型和制作BOM清单；
c.分切机灌程序、调试；
d.售后现场调试，配合调试工程师解决问题；mes对接等
9）其他：具备良好的沟通能力，能够快速适应融入团队，根据项目紧急程度能够适应加班；能够适应出差；","['包住', '包吃', '年终奖', '节日福利', '五险', '试用期全薪', '绩效奖', '生日礼物', '餐补']",本科,学历不限,5年,东莞-企石镇,"['设备操作规范', '作业指导书', '落实实施年度设备改造', '保养维护计划', '设备台帐']",生产/制造/加工,全职
仓库主管,15-25K,东莞,广东创能精密机械有限公司,"学历：大专及以上
专业：物流管理、仓储管理相关专业
技能要求：
1.至少3年以上机械行业仓库管理经验，熟悉机械产品的分类、存储及出库流程；
2.有成功带领团队完成仓库优化、库存管理提升项目经验者优先考虑；
3.熟练掌握仓库管理系统及其他相关办公软件的操作，如ERP、Excel等；
4.具备良好的数据分析能力，能够运用统计工具对库存数据进行有效分析，提出改进建议；
5.责任心强、团队组织能力强、质量管理意识强、具有较强的安全生产意识、原则性强、对公司有绝对的忠诚度、执行能力强，能承受较大的工作压力。","['包住', '房补', '五险一金', '带薪年假', '全勤奖', '年终奖', '节日福利', '工作环境优美', '绩效奖']",大专,学历不限,3年,东莞-樟木头镇,"['管控erp', '办公软件', '仓库主管']",生产/制造/加工,全职
制造业工厂工程工艺总监,30-50K,株洲,株洲亿杰电子科技有限公司,"规划工艺路线：根据产品要求和生产规模，规划工艺路线和布局，比如规划汽车制造工厂中从冲压、焊接、涂装到总装的生产线布局。

• 优化工艺流程：持续优化工艺流程，提高生产效率和产品质量，像通过引入自动化设备减少人工操作环节，降低次品率。

工艺标准制定与执行

• 制定工艺标准：制定工艺技术标准、操作规范等文件，确保生产操作的一致性，例如制定电子产品生产中的焊接温度、时间等标准。

• 监督执行情况：监督工艺标准在生产中的执行，及时纠正不规范操作。

新产品与技术研发

• 参与新产品开发：从工艺角度参与新产品的研发过程，评估工艺可行性，像研究新型材料在产品中的应用工艺。

• 推动技术创新：关注行业技术发展趋势，推动新工艺、新技术的应用，例如在工厂引入3D打印技术进行零部件生产。
","['包住', '包吃', '节日福利', '绩效奖', '五险', '工作环境优美', '免费培训', '全勤奖', '弹性工作时间']",大专,学历不限,3年,株洲-株洲县,"['AutoCAD', 'UG', '新能源', '五金', '汽车制造']",生产/制造/加工,全职
研发总监,25-50K,厦门,厦门市模敦模具有限公司,"岗位职责：
1.全面管理公司研发部门，主持推动公司各项研发事宜。                                                                                                    2.及时掌握行业最新技术发展方向，了解海内外小家电市场产品需求趋势，提出新产品开发构想，制订新产品研发计划与实施方案；                                                                                                                                                            3.培养公司技术团队，带领技术人员不断提高设计技能与研发品质；                                                                                   4.组织研发部门提供各类产品的技术规格书，检验标准及其它技术文件；                                                                         5.研发项目申请及知识产权管理，产品认证与申报管理；                                                                                                 6.研发项目的工作分配及协调安排，项目进展的跟踪；                                                                                                         7.与其它部门的协调沟通，确保研发项目运作效率和成本控制；                                                                                                                        8.研发项目申请及知识产权管理，产品认证与申报管理.

岗位要求：
1.大专学历，有小家电产品8年以上研发经理经验；
2.对小家电市场产品有分解与钻研方案；
3.熟悉小家电产品的模具相关结构。","['包吃', '养老保险', '医疗保险', '生育保险', '工伤保险', '失业保险', '交通便利', '年终奖', '免费体检', '节日福利']",大专,学历不限,不限,厦门-同安区,"['电器', '小家电', '产品总监', '研发总监']",生产/制造/加工,全职
生产副总（常务副总）,35-50K,盐城,江苏中恒宠物用品股份有限公司,"汇报对象：总经理/CEO
下属团队：生产部、工程部、PMC部、质量部、设备部等（直接管理团队规模500+人）
公司规模：2000人以上制造型企业（金属加工/注塑成型/电子制造）
岗位职责：
战略规划
制定公司年度生产战略，统筹3大生产基地（金属压铸/注塑/电子组装）的产能规划与资源调配
主导智能制造升级，推动自动化生产线布局及工业4.0落地实施
生产运营管理
管控金属精密加工（CNC/冲压/焊接）、注塑成型（双色注塑/IMD）、电子SMT贴片等核心工艺全流程
建立多工厂协同生产体系，确保年产值XX亿规模下的OTD交付达标率≥98%
推行TPM全员生产维护，设备综合效率（OEE）提升至85%+
成本与质量管控
通过VAVE价值工程实现年度制造成本降低5%-8%
构建汽车电子/IATF16949质量体系，推动产品良率从95%提升至99.5%
团队建设
培养跨职能生产管理梯队，建立技术/管理双通道晋升机制
导入精益生产文化，主导季度Kaizen改善项目落地
数字化转型
主导MES/WMS系统升级，实现生产数据实时可视化
搭建工业大数据平台，建立生产预警决策模型
任职要求：
硬性条件：
15年以上大型制造企业经验，其中5年以上集团生产高管经历
同时具备金属加工（压铸/冲压）、注塑成型、电子制造三大领域实操经验
成功主导过万人规模企业的数字化工厂转型项目
精通QCDSM管理，持有PMP/六西格玛黑带证书优先
核心能力：
对注塑模具开发周期/电子元器件供应链/金属材料特性有深度认知
擅长搭建多工厂矩阵式管理模式
具备家具/健身器械/日用品/小家电等行业背景优先
英语可作为工作语言（涉及海外工厂管理者这个是加分项）
","['五险一金', '8小时工作制', '免费培训', '免费体检', '朝9晚5', '年终奖', '弹性工作时间', '包吃', '包住', '免费班车']",不限,学历不限,5年,盐城-盐都区,['生产副总'],生产/制造/加工,全职
人事经理,10-15K,东莞,东莞市仲康电子科技有限公司,"主要工作：
1、负责制定和执行公司的人力资源战略，确保与公司整体战略目标相一致；
2、负责招聘和选拔优秀的人才，建立和维护良好的员工招聘渠道，以满足公司业务发展的需要；
3、设计和实施全面的培训计划，包括新员工入职培训、岗位培训和职业发展计划，提高员工的综合素质和能力；
4、负责管理和优化公司绩效管理体系，组织实施并对各部门绩效考核过程进行监督控制；
5、负责建立和维护良好的员工关系，处理员工投诉和纠纷，提供必要的支持和解决方案；
6、负责行政后勤事务的统筹与规划、落地有效执行；
7、负责监督和管理人力资源部门的日常运营，确保高效和顺畅的工作流程；
8、负责与政府相关部门的外联、沟通、协作，企业文化建设等。

任职要求：
1、大专及以上学历，人力资源管理或相关专业背景优先；
2、具备5年以上人力资源经理或相关职位的工作经验，熟悉人力资源管理的各个领域；
3、熟悉劳动法律法规和相关政策，具备较强的分析和解决问题的能力；
4、具备出色的沟通和协调能力，能够与不同层级的员工进行有效的沟通和合作;
5、具备数据分析和报告撰写能力；
6、具备团队合作精神和领导能力，能够激励和管理团队成员，推动工作的完成。","['带薪年假', '8小时工作制', '双休', '全勤奖', '免费培训', '节日福利', '五险', '包吃包住', '工龄奖', '年度调薪']",大专,学历不限,5年,东莞-塘厦镇,"['招聘计划', '监控', '测评', '企业文化', '企业文建设', '结果统计', '辅导计划', '决策参考依据', '考察', '招聘方案', '总经理', '后勤', '市场']",生产/制造/加工,全职
人事经理,15-26K,东莞,东莞市宏鹏塑胶科技有限公司,"1.协助总经理制定公司劳动人事政策，负责研究贯彻执行公司劳动人事诸方面的方针、政 策、指令、决议；
2.就公司重大人事任免事项提供参考意见，负责拟订机构设置或重组方案、定编定员方案的上报；
3.负责拟订每年的工资、奖金、福利等人力资源费用预算和报酬分配方案，上报批准后按计划执行；
4.负责审核员工录用、晋升、调配、下岗、辞退、退休、培训、考绩、惩罚意见，并提交总经理决定；
5.负责编订和修改公司各项劳动、人事、劳保、安全管理制度，工作计划，并及时监督、检查其执行情况；
6.熟悉ISO9001及TS16949质量管理体系，主导过相关体系的具体工作。


职位要求:
1.教育背景：人力资源、管理或相关专业大学学历；
2.培训经历：人力资源管理、ISO9001，ISO14001等质量管理体系等方面的培训；
3.工作经验：5年以上相关工作经验或人力资源部经理工作经验,对招聘的流程非常熟悉,对招聘的渠道有丰富的资源;对行政后勤的管理(消防,安全)有成熟实操经验; 对劳务关系的处理有丰富经验;
4.此职位偏招聘管理和行政后勤管理;同时具备绩效考核的实操经验;
5. 在制造业塑胶类工厂做过的优先;
6.年龄30-45岁，可以及时到岗的优先;","['包吃', '包住', '全勤奖', '绩效奖', '年终奖', '免费培训', '五险一金', '节日福利']",本科,学历不限,5年,东莞-石排镇,"['招聘', '行政后勤', '消防', '安全', '劳务关系', '绩效考核', '制造业', '塑胶', '人力资源部', '人事', '重组方案', '监督', '定编定员', '总经理决定', '报酬', '退休', '辞退', '晋升', '劳动', '惩罚意见', '劳保', '计划执行', '考绩', '总经理', '奖金', '福利', '调配', '下岗', '指令', '决议', '培训', '人力资源', '管理']",生产/制造/加工,全职
机器人编程调试,5-10K,东莞,东莞市昱凯自动化设备有限公司,"一、专业知识
 1、 自动化相关专业：如自动化、机电一体化、电气工程及其自动化等专业，具备扎实的理论基础。
 2、熟悉机器人原理：了解机器人的运动学、动力学原理，掌握机器人的编程逻辑和控制系统。
3、 掌握电气知识：熟悉电气控制原理，包括PLC编程、传感器应用、电机驱动等知识。
二、 技能要求
1、编程能力：熟练掌握至少一种机器人编程语言，如安川的Inform、ABB的RAPID、发那科的FANUC、C/C++和Python等。
2、调试技能：能够使用各种调试工具，对机器人的机械结构、电气系统进行调试和优化。 3、故障排除：具备快速诊断和解决机器人故障的能力，能够独立分析故障原因并采取有效的解决措施。
三、经验要求
 1、项目经验：有机器人安装调试相关项目经验者优先，熟悉不同类型机器人在不同行业的应用场景。
 2、实践经验：具有实际操作机器人的经验，能够熟练进行机器人的示教、编程和运行操作。
四、其他要求
 1、 团队合作：能够与团队成员密切合作，共同完成项目任务，具备良好的沟通能力和协调能力。
 2、学习能力：机器人技术发展迅速，需要不断学习新知识、新技术，以适应行业的发展需求。
 3、安全意识：严格遵守安全操作规程，确保机器人安装调试过程中的人员和设备安全。","['包吃', '包住', '弹性工作时间', '项目奖', '团队活动丰富', '免费旅游', '养老保险', '医疗保险', '工伤保险']",大专,学历不限,3年,东莞-厚街镇,[],生产/制造/加工,全职
软件工程师（机器人）,15-25K,东莞,东莞域嘉精密五金塑胶制品有限公司,"工作内容
1、负责机器人软件系统的设计、开发与调试，包括运动控制、感知算法、决策规划等模块的实现。
2.负责 机器人嵌入式软件开发，实现传感器数据采集、电机控制、通信协议等功能。
3、负责ROS开发机器人应用，完成模块集成与系统优化。
4、与硬件、算法团队协作，完成软件、硬件协同调试与性能优化。
5、负责编写技术文档，包括需求分析、设计文档、测试报告等。
6.、领导交办的其他工作
任职要求
1、本科及以上学历，计算机科学、软件工程、自动化、电子工程等相关专业，2年以上机器人、无人机、自动驾驶或相关领域的软件开发经验。
2、精通C/C++、Python等编程语言；
3、熟悉机器人软件系统（如嵌入式系统、Linux开发环境、ROS/ROS2框架），具备相关领域的实践经验。
4、具有良好的团队合作精神，能够高效沟通和解决技术问题。
5、有实际机器人项目开发经验者优先（如机械臂、移动机器人、服务机器人等）","['包吃', '包住', '五险一金', '免费培训', '免费旅游', '免费体检', '节日福利', '生日礼物', '团队活动丰富', '工作环境优美']",本科,学历不限,2年,东莞-石排镇,"['C/C++', 'Python', 'Linux', 'ROS/ROS2框架', '机器人']",橡胶/塑料制品,全职
机器人技术员/助理工程师,12-18W/年,金华,金华九禾磁电科技股份有限公司,1、掌握系统工程、工业工程、产品工艺相关知识；2、掌握自动控制、体系管理、流程优化方面的知识，掌握电气及机构原理，数据分析原理；3、了解生产设备构造及工艺流程，了解电气及机械原理，数据分析原理；,[],大专,学历不限,3年,金华-婺城区,[],橡胶/塑料制品,全职
电气工程师 机器人,5-10K,东莞,东莞创芯达自动化设备有限公司,"招1-2人  中专\大专以上学历
包住不包吃 交通补助  餐补 社保
工作内容：
1、服从上级主管对工作的安排，有问题及时反馈；
2、配合结构工程师提供设备开发的电气控制方案并执行；
3、设计、优化评估设备电气控制部分；
4、电气控制线路的实现并跟进设备性能调试；
5、快速分析、解决各种制程品质问题（电气部分）。
职位要求：2年以上工作经验，男女不限，电气工程, 机器人专业或机电一体化专业；
6、具备较强团队协作意识强，能吃苦耐劳积极向上的心态有较强的责任心，良好团队协作能力、沟通能力、谦虚踏实；
7、熟练使用库卡机械人调机員, 熟練示教器，需配合出差；
8、能独立完成库卡机械人程序编写。
","['节日福利', '带薪年假', '绩效奖']",大专,学历不限,2年,东莞-长安镇,"['结构工程师', '设备开发', '电气控制方案', '设计', '优化评估设备', '电气', 'plc', '自动化', '机电', '电气自动化', '电气设计', '三菱', '调试', '设备', '触摸屏', '机器人', '库卡']",钢铁/有色金属冶炼及加工,全职
机器人调试,10-15K,东莞,广东正达松远智能科技有限公司,"机器人调试（电器工程师）、
1.会熟练操作ABB和发那科机器人，有压铸机器人自动化从业经验优先。
对OMRON、三菱PLC程序有一定的操作修改基础，会看电气原理图
工资待遇10000-15000（详情面议）","['餐补', '免费培训', '工作环境优美', '房补', '年终奖']",不限,学历不限,应届毕业生,东莞-茶山镇,"['三菱', '欧姆龙', 'PLC编程']",仪器仪表,全职
公仔模型产品工程师（动漫机器人公仔）,8-10K,东莞,东莞市禾川塑胶模具有限公司,"1.精通各种玩具产品功能、结构，能操作使用UG改造产品，2D排位软件者优先；
2.有样板原型至放产之跟进经验；
3.负责各阶段样板制作，跟进生产，并解决中途出现的问题，具有分析能力以使产品适宜生产装配并优化成本；
4.工作所必须的文件资料的编制（BOM,零件规格书，作业指导书等）；
5.协调项目内的相关部门的事务沟通，保证工作能按计划展开及按期完成；
6.高中或以上学历，有动漫公仔、机器人公仔产品相关工作者优先；","['包吃', '包住']",高中,学历不限,3年,东莞-长安镇,['产品工程师'],生产/制造/加工,全职
机器人调试工程师,8-15K,东莞,东莞市昌亿复合材料机械科技有限公司,"机器手臂编程工程师负责开发、维护和调试机器手臂系统，包括编写程序、修改现有的机器手臂控制算法、测试和验证系统的性能等。

主要职责：

- 负责编写机器手臂控制程序，包括运动控制、路径规划、传感器数据处理等；","['包吃', '包住', '加班补助', '试用期全薪', '全勤奖', '工伤保险']",不限,学历不限,应届毕业生,东莞-道滘镇,[],钢铁/有色金属冶炼及加工,全职
机器人调机技术员,7-8.5K,惠州,博罗联益照明电器制品有限公司,"1.有爱普生机器人调机经验优先；
2.有海康视觉调机经验优先；
3.有非标机器调机经验优先；
4.应届生毕业生，工业机器人专业也可考虑。
","['养老保险', '医疗保险', '工伤保险', '失业保险', '试用期全薪', '全勤奖', '年终奖', '免费培训', '加班补助', '绩效奖']",不限,学历不限,2年,惠州-博罗县,[],家具制造,全职
机器人调试员,7-14K,东莞,深圳市国润德智能装备有限公司,"岗位职麦:
1、工业机器人(发那科，安川、库卡等)的调试
2、了解机器人控制系统机器人周边设备、及与周边设备的连接调试工作
能独立完成项目前期配置及调试任务3、
适应加班及出差4、
任职要求:
1.20-40岁，机器人等相关专业
2.善于沟通，责任心强","['包吃', '包住', '五险', '交通便利', '项目奖']",大专,学历不限,2年,东莞-虎门镇,['智能装备'],生产/制造/加工,全职
机器人技术员/助理工程师,10-15K,金华,广东智通蓝领人力资源科技有限公司,"岗位职责：
1、负责工业机器人相关系统的工程设计与优化；
2、参与自动化设备的工艺流程改进及数据分析；
3、协助完成生产设备的电气及机械原理研究与应用；
4、支持自动控制及体系管理相关工作；
5、推动流程优化方案的实施与改进；

任职要求：
1、大专及以上学历，工业机器人或电气自动化相关专业优先；
2、掌握系统工程、工业工程及产品工艺相关知识；
3、熟悉自动控制、体系管理及流程优化领域的知识；
4、了解生产设备构造及工艺流程；
5、具备电气及机械原理的基础知识；
6、能够运用数据分析原理解决实际问题；
7、具备良好的学习能力和团队协作精神；  
8、有较强的责任心和执行力；  
9、能够适应快节奏的工作环境；  
10、具备一定的创新意识和问题解决能力；","['年终奖', '节日福利', '绩效奖', '全勤奖', '带薪年假', '工作环境优美']",大专,学历不限,不限,金华-磐安县,[],人力资源服务,全职
机器人安装调试工程师,7-10K,佛山,东莞市南粤智能装备有限公司,"1.负责机器人的调试及售后服务，熟悉机械整线装配、电气、控制器调试，熟悉PLC及简单C语言编
程
2.机器人故障排除，对策提出，定期保养维护
3.技术培训，根据客户需求现场陪产
4.具有同行业2到5年相关工作经验，具有非标自动化行业优先
5.吃苦耐劳，沟通力执行力强，(此岗位为南粤智能佛山分公司招聘）","['包吃', '包住', '餐补', '房补', '交通补助', '8小时工作制', '养老保险', '医疗保险', '工伤保险']",不限,学历不限,应届毕业生,佛山-顺德区,"['编程', 'plc']",钢铁/有色金属冶炼及加工,全职
机器人调试工程师,8-12K,东莞,广州蓝海船舶自动化科技有限公司,"此岗位为东莞办事处招聘：广东省东莞市麻涌镇水乡大道麻涌段3号
1、大专及以上学历，电气、自动化相关专业；
2、2年及以上机器人应用设计、调试工作经验，
3、能独立负责相关项目的机器人应用设计与调试工作","['包吃', '包住', '五险一金', '全勤奖', '项目奖', '免费培训', '节日福利', '生日礼物', '团队活动丰富', '工作环境优美', '交通便利']",大专,学历不限,应届毕业生,东莞-麻涌镇,"['非标设备', '自动化设备', '电工操作证']",钢铁/有色金属冶炼及加工,全职
机器人焊工,7-9K,东莞,深圳市华阳通达精密机械有限公司,"机器人焊接技工
懂程序编写、优化，焊接机器人设备保养及维护
区域机台调试、焊接工作。
二年以上安川焊接机器人调试、焊接经验。
有进取心，高度的事业心，责任感和良好的职业道德，服从管理。
年龄20岁～50岁。","['包住', '餐补', '加班补助', '五险一金', '弹性工作时间', '工作环境优美']",高中,学历不限,3年,东莞-横沥镇,['安川机械臂焊机编程和'],生产/制造/加工,全职
库卡机器人调试员,9-12K,东莞,东莞微久智造科技有限公司,"1、能接受出差，能吃苦耐劳，有责任心，团队意识强；
2、有一定的电动，气动的专业知识
3、根据生产要求，装配，调试，改进自动化设备，使之能满足客户生产要求，完成厂内调试工作;
4、熟悉设备工作流程，了解设备使用性能;
5、在调试工作中善于发现设备的不足点，提出改善意见;
6、熟悉库卡机器人编程和调试，熟悉西门子PLC与库卡机器人调试。","['8小时工作制', '带薪年假', '试用期全薪', '全勤奖', '绩效奖', '项目奖', '年终奖', '房补', '餐补', '交通补助']",大专,学历不限,1年,东莞-寮步镇,"['库卡机器人', '可适应出差', '自动化']",人工智能,全职
机器人调试工程师,7-10K,佛山,东莞市南粤智能装备有限公司,"1.负责机器人的调试及售后服务，熟悉机械整线装配、电气、控制器调试，熟悉PLC及简单C语言编
程
2.机器人故障排除，对策提出，定期保养维护
3.技术培训，根据客户需求现场陪产
4.具有同行业2到5年相关工作经验，具有非标自动化行业优先
5.吃苦耐劳，沟通力执行力强，(此岗位为南粤智能佛山分公司招聘）","['包吃', '包住', '餐补', '房补', '交通补助', '8小时工作制', '养老保险', '医疗保险', '工伤保险']",不限,学历不限,应届毕业生,佛山-顺德区,"['编程', 'plc']",钢铁/有色金属冶炼及加工,全职
工业机器人线束工程师,面议,东莞,东莞广宇精密电子有限公司,"岗位职责：

1、主导工业机器人线束产品的设计、评估和开发工作；
2、负责对机器人整机系统线束相关EMC部分进行设计及验证；
3、负责制定线束系统零部件试验、验证方案，对零部件验证的可靠性负责；
4、负责已有产品的线束方案可靠性验证及可靠性提升；
5、负责排查线束系统相关的研发类问题，并优化解决；

 
任职要求：

1、熟悉工业机器人和拖链线束标准规范；
2、具有机械手臂及拖链设备等线束产品开发经验；
3、熟练IATF16949品质体系；
4、具备编写APQP,PPAP和VDA6.3汽车产品开发所需资料能力.

","['包吃', '包住', '五险一金', '绩效奖', '年终奖', '免费培训', '生日礼物', '团队活动丰富', '工作环境优美']",大专,学历不限,2年,东莞-虎门镇,"['汽车', '生产', '工程', '报价', '线束', '连接器', '医疗器械', 'AutoCAD', 'ProE', 'UG', '产品研发', '产品设计', '工业机器人', '机械手臂', '拖链设备线束']",生产/制造/加工,全职
智能制造（工业自动化机器人应用）讲师,15-30K,东莞,东莞市长安青华模具职业培训学校,"【薪资待遇】：
   •  月薪：15k-30k（底薪+课时费+项目奖金）；
   •  社保福利：五险一金
   •  食宿福利：免费提供食宿，节省你的生活成本！
 •  旅游奖金：完善的奖励机制，每年可享受2-3次旅游奖励，放松身心，激励士气！

【岗位职责】：
课程开发 & 讲授
  •  负责工业自动化、机器人应用、智能制造方向课程授课（PLC编程/机器人调试/工业互联网/自动化生产线等）；
  •  结合行业案例，设计实践课程，提升学员实操能力。

技术指导 & 项目实训
  •  指导学员进行机器人应用、智能工厂搭建、自动化设备调试等实训项目；
  •  组织学员进行企业项目对接，提升企业需求匹配度。

行业前沿研究
  •  持续跟进AI+智能制造、工业物联网、数字孪生等技术，优化教学内容；
  •  参与学校的智能制造教学体系搭建，助力课程升级。

【任职要求】：
1、专业背景：本科及以上，机械自动化、机电一体化、机器人应用、智能制造相关专业；
2、实战经验：5年以上工业自动化、机器人应用经验，有企业工程师 or 高校讲师背景更佳；
3、技能要求：
 •  精通PLC编程（西门子、三菱、欧姆龙等）；
 •  熟悉工业机器人（FANUC、ABB、KUKA、安川等）示教编程 & 调试；
 • 了解智能产线搭建、工业互联网（IIoT）、工业视觉检测、数字孪生等前沿技术；
 •  有职业培训、企业内训经验者优先。

【个人特质】：
1、善于教学，表达清晰，能让学员高效吸收知识；
2、有耐心，有责任心，愿意帮助学员成长；
3、行业前瞻性强，愿意持续学习 & 研究新技术。

【你的职业成长】：
  •  个人成长快：从讲师 → 课程负责人 → 智能制造培训专家，职业成长可期；
  •  收入稳定+项目分红：高薪资+高课时费+项目奖金+学员就业提成，收入上不封顶；
  •  助力制造业升级：培养下一代智能制造人才，让中国制造更强！

【我们是谁】
我们是青华模具学校，深耕制造业人才培养20+年，致力于为模具、数控、自动化行业输送高端技术人才。随着工业4.0、智能制造、机器人应用的普及，我们即将开设**智能制造（工业自动化 & 机器人应用）**课程，为制造业培养下一代智能化技术精英！

现在，我们寻找一位既懂自动化技术、又擅长教学的行业专家，共同打造一流的智能制造人才培养体系，让更多年轻人掌握最前沿的自动化技术，实现职业腾飞！

【为什么加入我们？】
1、行业趋势向好：智能制造、机器人自动化是制造业未来趋势，人才需求巨大！
2、培训市场蓝海：职业教育+产业升级，让你在教育行业中占据前沿地位！
3、影响力大：你不仅是工程师，更是行业导师，助力学员成长，影响整个行业！


如果你想把你的经验传承给下一代，想推动中国制造业的人才升级，欢迎加入我们！
立即投递简历，让我们一起构建制造业未来！","['包吃', '包住', '免费培训', '免费旅游', '节日福利', '团队活动丰富', '生日礼物', '五险', '下午茶', '8小时工作制', '公费旅游', '节日礼物', '团建', '项目奖金', '带薪年假']",本科,学历不限,5年,东莞-长安镇,"['工业机器人', '教学']",学术/科研,全职
人形机器人项目经理(J10236),15-30K,厦门,厦门唯科模塑科技股份有限公司,"工作职责
1. 负责人形机器人产品及零部件项目全产品生命周期的规划、执行和管理； 
2. 负责制定项目计划，协调硬件研发、供应链、生产、品控等各方资源按计划推进项目，确保项目按时按质交付；
3. 识别并掌控项目风险，主动沟通预警重要偏差，及时妥善处理突发事件；
4. 定期汇报项目进展，把控项目的时间节点，按时输出项目成果和项目总结；
5. 复盘总结项目问题，对项目的成本、进度、品质、交期上有较深的理解，能够从体系和流程上提出改善建议及相关方案；
6. 完成上级交办的其他工作事项。

任职资格
1. 计算机、人工智能、电子、机械自动化类相关专业毕业；
2. 五年以上项目管理经验；熟悉智能硬件产品开发整个流程，掌握能自主独立推进项目，有机器人方案管理经验的优先考虑；
3. 具备较强的逻辑思维能力和独立分析问题能力、责任感；
4. 具有良好的团队合作意识、沟通协调能力及语言表达能力，能够跨部门拉通项目工作；
5. 具备较好的应变能力、敏锐的捕捉能力、较强的执行力和抗压能力。",['五险一金 餐补'],本科,学历不限,5年,厦门-翔安区,[],生产/制造/加工,全职
机器人技术员,10-18K·13薪,东莞,东莞市云华数控机电有限公司,"机器人电气故障维修，维修工业机器人电气维修
要求会独立维修发那科，安川，库卡，ABB工业机器人的主板，示教器，伺服器，急停板，会简单操作以上机器人","['包吃', '五险', '工作环境优美', '年终奖', '节日福利', '交通便利']",大专,学历不限,3年,东莞-寮步镇,[],机器人,全职
机器人售后技术员,5-8K,东莞,东莞市正飞智能科技有限公司,"1.懂得基本机械原理，会看装配图纸，能根据图纸独立装配机械设备；
2.有自动化设备行业经验者优先；
3.服从工作安排，有良好的团队意识；
4.具备较强的学习和沟通能力。","['包吃', '包住', '五险', '全勤奖', '绩效奖', '节日福利', '生日礼物', '工作环境优美']",大专,学历不限,应届毕业生,东莞-常平镇,[],工业自动化设备,全职
机器人应用工程师,8-15K·13薪,东莞,厦门中智邦达科技有限公司东莞分公司,"岗位职责：
1、负责嵌入式控制系统开发及机器人程序编程
2、进行主流机器人操作软件的二次开发与现场调试实施
3、完成常用执行器和传感器的相关开发工作
4、及时处理客户提出的异议并进行有效整改
5、完成上级交办的其他相关任务

任职要求：
1、大专及以上学历，自动控制或机电相关专业优先考虑
2、熟悉嵌入式控制系统开发，精通机器人程序编程语言
3、具备主流机器人操作软件的使用经验，能够进行二次开发和调试
4、有上位机或下位机开发经验，熟悉常用执行器和传感器
5、具备良好的逻辑思维能力和实际问题解决能力
6、工作踏实认真，具有较强的抗压能力和动手能力
7、具备良好的沟通能力和团队协作精神
8.薪资面议（经验丰富者）","['包吃', '包住', '餐补', '加班补助', '五险', '8小时工作制', '弹性工作时间', '试用期全薪', '项目奖', '年终奖']",大专,学历不限,不限,东莞-大朗镇,[],橡胶/塑料制品,全职
机器人技术员/助理工程师29号现场面试,12-18W/年,金华,金华九禾磁电科技股份有限公司,"1、掌握系统工程、工业工程、产品工艺相关知识；2、掌握自动控制、体系管理、流程优化方面的知识，掌握电气及机构原理，数据分析原理；3、了解生产设备构造及工艺流程，了解电气及机械原理，数据分析原理；
2025年3月29号上午老板现场面试拍板，欢迎现场面试",[],大专,学历不限,3年,金华-婺城区,[],橡胶/塑料制品,全职
电子 硬件工程师（机器人）,15-25K,东莞,东莞域嘉精密五金塑胶制品有限公司,"岗位职责：
1.、负责机器人关节电子硬件系统的设计、开发和调试，包括电路设计、PCB布局、元器件选型及系统集成。
2 、负责设计并优化电机驱动、传感器接口、通信模块及电源管理电路。
3.、与机械、软件团队协作，完成硬件-软件协同设计与调试。
4.、负责制定硬件测试方案，完成功能测试、环境测试及可靠性验证。
5.、解决硬件开发中的技术难题，确保设计符合性能、成本及可靠性要求。
6.、领导交办的其他工作
岗位要求：
1、 本科及以上学历，电子工程、自动化、通信工程、计算机硬件等相关专业。
2、精通模拟电路和数字电路，器件选型，样机调试验证。
3、 熟练使用EDA工具（如Altium Designer、Cadence、KiCad等）进行原理图设计与PCB布局；
4、熟悉嵌入式系统开发，掌握常见MCU/MPU（如ARM Cortex系列、STM32、ESP32等）的应用；
5、熟悉常见通信协议（如I2C、SPI、UART、CAN、USB、Ethernet等）
6、具备电机驱动电路设计经验，熟悉步进电机、伺服电机、BLDC的控制原理。
7、有机器人、无人机、自动驾驶或相关领域硬件开发优先考虑。","['包吃', '包住', '五险一金', '免费培训', '免费旅游', '免费体检', '节日福利', '生日礼物', '团队活动丰富', '工作环境优美']",本科,学历不限,2年,东莞-石排镇,"['EDA工具', '模拟电路', '电子硬件', '电机驱动', '嵌入式开发', 'PCB']",橡胶/塑料制品,全职
智能机器人AI,18-20K,东莞,广东牧人王电器有限公司,"职业要求：
1、数学基础：人工智能是基于数学理论和算法的，所以需要较强的数学基础，如线性代数、微积分、概率论、统计学等。
2、编程技能：人工智能开发需要编写大量的代码，所以需要具备较强的编程能力，熟练掌握至少一种编程语言，如Python、C++、Java等。
3、算法能力：人工智能需要深入了解各种算法，如机器学习、深度学习、自然语言处理、图像识别等，需要对这些算法有较深的理解和应用能力。
4、数据分析能力：人工智能需要处理和分析大量的数据，所以需要具备数据挖掘、数据清洗、特征工程等技能，能够提取有用的信息并进行分析。
5、计算机基础：人工智能开发需要涉及到计算机基础知识，如网络、操作系统、数据库等，对计算机硬件和软件的基本原理有一定的了解。
6、沟通和团队合作能力：人工智能项目通常是团队合作完成的，需要有良好的沟通能力和团队合作能力，能够与不同领域的专家和工程师进行有效的沟通和协作，并能够解决团队中出现的问题。
7、学习能力：人工智能领域是一个快速发展的领域，需要不断学习和更新知识，保持对新技术和新算法的关注。

收起","['包吃', '包住', '餐补', '8小时工作制', '五险一金', '全勤奖', '项目奖', '试用期全薪', '交通便利', '工作环境优美', '生日礼物', '年终奖']",本科,学历不限,3年,东莞-横沥镇,[],生产/制造/加工,全职
机器人调试,8-10K,东莞,广东世中新能源科技有限公司,"岗位职责：
1、组织班组人员安排生产；
2、新品导入生产；
3、现场质量管控；
4、当班次工作总结；
5、当班次的数据汇总。
6、有电动车车架行业做过班组长管理工作经验者优先
任职要求：
1.年龄：18至45岁；
2、会松下和凯尔达、安川、松夏、OTC机器人测试、编程优先；
3、有焊接基础；
4、具备灵活应变能力，根据生产实际情况合理安排生产。","['包吃', '包住', '五险', '带薪年假', '试用期全薪', '生日礼物', '节日福利']",不限,学历不限,应届毕业生,东莞-企石镇,[],生产/制造/加工,全职
打磨机器人操作员,6-8K·14薪,东莞,金智捷(东莞市)精密机械有限公司,"一、岗位职责

  1. 操作与维护：

  • 负责操作打磨机器人进行产品打磨工作。

  • 负责打磨机器人的日常维护和保养，确保其正常运行。

  2. 编程与调试：

  • 根据产品需求，对打磨机器人进行编程和调试，以实现自动化打磨。

  • 优化打磨程序，提高打磨效率和产品质量。

  3. 质量控制：

  • 使用工装及检具对打磨后的产品尺寸进行检验，确保产品符合质量标准。

  • 记录并反馈打磨过程中的质量问题，协助质量部门进行改进。

  4. 安全与卫生：

  • 遵守公司的安全规章制度，确保打磨过程中的安全操作。

  • 保持工作区域的清洁和卫生，符合5S管理要求。

  5. 其他任务：

  • 完成上级交办的其他任务，如协助其他部门进行产品测试、参与技术改进等。

二、招聘要求

  1. 学历与经验：

  • 高中或以上学历，具有相关数控
  • 有CNC/数控机加或机器人操作经验者优先。

  2. 技能要求：

  • 熟悉打磨机器人的操作流程和安全规范。

  • 具备良好的动手能力和思考能力，能够解决打磨过程中出现的问题。

  • 愿意学习新知识，不断提高自己的技能水平。

  3. 个人素质：

  • 工作认真负责，具有良好的团队合作精神和沟通能力。

  • 能吃苦耐劳。

  • 身体健康，无不良嗜好。

  4. 其他要求：

  • 遵守公司的规章制度和各项操作规程。

  • 具有良好的职业道德和职业操守。良好的学习能力和团队合作精神，以适应不断变化的工作环境。同时，企业也会根据实际需求提供培训和晋升机会，帮助员工不断提升自己的职业素养和技能水平。
","['包住', '包吃', '五险', '带薪年假', '绩效奖', '免费培训', '免费旅游', '免费体检', '节日福利', '生日礼物']",高中,学历不限,2年,东莞-横沥镇,"['操作与维护', '操作打磨机器人', '产品打磨', '打磨机器人', '日常维护和保养']",钢铁/有色金属冶炼及加工,全职
库卡机器人调试,10-14K·13薪,东莞,东莞模德宝智能科技有限公司,"岗位职责：
1、自动化单元、柔性产线的自动化电气方案评估、设计，自动化项目电气元器件BOM输出。
2、自动化单元、柔性产线的电气调试、工业机器人示教调试。
3、自动化产线的技术支持、售后工作。

任职要求：
1、大专及以上学历，工业机器人、机电一体化等专业。
2、5年以上自动化产线调试及机器人应用工作经验，能适应出差。
3、掌握CAD或EPLAN软件进行电气图纸设计。
4、对模具/机械制造工艺有基础了解，熟悉工业机器人应用、机电一体化行业优先。
5、熟悉电气控制元件，具备至少一种常见PLC编程能力，熟悉库卡（KUKA）工业机器人示教编程能力。","['包住', '加班补助', '五险一金', '免费培训', '节日福利', '带薪年假', '年终奖', '出差补贴', '双休']",大专,学历不限,5年,东莞-东坑镇,[],生产/制造/加工,全职
机器人编程工程师,10-15K,惠州,广东恒翼能科技股份有限公司,"岗位职责：
1、编制各类焊接工艺文件，并对其准确性、可行性负责；
2、负责设计各类焊接工装、夹具，编制新产品的工艺路线；
3、进行焊接工艺、工装、夹具验证和设备维护保养操作规程的编制工作；
4、负责生产车间焊接工艺、工装、夹具的改进工作；
5、负责实施焊接工艺纪律、检查、考核工作；
6、焊接机器人工作站的编程、调整；

任职要求：
1、大专及以上学历；
2、无损检测、应用物理、焊接、材料等相关专业；
3、具有较强的语言表达能力、沟通能力、人际交往能力和团队协作能力；
4、具有无损检测资质者优先；","['包住', '房补', '五险一金', '带薪年假', '绩效奖', '免费培训', '节日福利', '生日礼物', '工作环境优美']",大专,学历不限,应届毕业生,惠州-博罗县,[],钢铁/有色金属冶炼及加工,全职
机器人视觉工程师,6-12K,东莞,东莞市林之佳自动化设备科技有限公司,"1．有视觉检测应用经验三年以上。
2．能独立完成打光选型方案搭建。
3．对视觉软件应用调试熟练(如海康威视VM软件/基恩士软件/康耐视软件等)。
4.  电脑操作熟练。
5．有良好的职业操守，服从管理，身心健康。","['包吃', '8小时工作制', '弹性工作时间', '年终奖', '免费培训', '工作环境优美', '房补', '项目奖', '五险', '免费旅游']",高中,学历不限,3年,东莞-长安镇,"['机器视觉', 'halcon', 'c#', 'opencv', '图像处理']",生产/制造/加工,全职
机器人编程工程师,10-20K,东莞,东莞市宏昌自动化科技有限公司,三年以上非标自动化行业应用发那科、雅马哈、川崎、埃斯顿机器人编程。有独立完成非标自动化项目编程能力。,"['包吃', '包住', '交通补助', '养老保险', '医疗保险', '生育保险', '工伤保险', '失业保险', '试用期全薪', '免费培训']",本科,学历不限,3年,东莞-塘厦镇,[],生产/制造/加工,全职
机器人软件控制工程师,15-25K,东莞,东莞行远清大科技有限公司,"职责：
1、按照产品设计开发要求，负责工业机器人控制系统的软件模块设计与验证
2、编写代码实现软件模块功能，进行单元测试和调试，相关技术资料的编制、归档、更新等
3、结合市场与项目需求，优化升级模块需求，按时按质完成开发任务
4、完成领导授权和交办的其他事务
任职要求：
1、本科及以上学历，自动控制、自动化等相关专业
2、三年以上工作经验，工业自动化、电子电路方向的软件研发设计经验
3、熟悉C/C++等语言或任一单片机编程语言，熟练运用C/C++进行编程。有ROS、EtherCAT、QT的开发经验可优先考虑
4、对伺服系统有一定的了解与应用。
5、工作主动、责任心强",[],本科,学历不限,3年,东莞-松山湖,"[' C/C++', 'QT', '运动控制算法工程师']",工业自动化设备,全职
机器人调试工程师,6-10K,东莞,东莞市广宏机械设备有限公司,"岗位职责：
1、负责对机械手臂进行编程调试；
2、负责公司前期仿真模拟

任职要求：
1、大专及以上学历，机械类相关专业，至少精通ABB、安川、发那科等一个软件应用
2、能看的懂机械图纸，有一定的机械基础知识；

","['包吃', '包住', '五险', '弹性工作时间', '绩效奖', '免费培训', '工作环境优美', '交通便利']",大专,学历不限,不限,东莞-樟木头镇,"['机械手臂', '编程调试', '前期仿真模拟', 'ABB', '安川']",生产/制造/加工,全职
机器人编程工程师,10-15K,东莞,广东蓝光智能科技有限公司,"工作内容：

机器人编程工程师负责开发、维护和调试机器人系统，包括编写程序、修改现有的机器人控制算法、测试和验证系统的性能等。

主要职责：

- 负责编写机器人控制程序，包括运动控制、路径规划、传感器数据处理等；

- 负责对现有的机器人控制算法进行分析和优化，提高系统的性能；

- 负责测试和验证机器人系统的性能，包括测试机器人系统、分析测试结果等；

- 参与机器人系统的规划和设计，提供技术支持；

- 负责与其他部门的沟通，协助解决机器人控制系统的问题。



职位要求：

1.精通kuka或Fuanc至少一种6轴机器人编程,对Epson4轴机器人编程调试，满足总线通讯的编程操作；

2.对电气、气动非常了解，能够独立选型；

3.能够识别电气图像，PLC程序；

4.能快速处理各种设备异常处理，动手能力强；

5.非标设备的导入评估，方案评审，成本分析，以及项目的验收；

6.需具备较强的沟通协调能力；","['全勤奖', '绩效奖', '项目奖', '双休', '带薪年假', '五险一金', '年终奖', '交通便利', '免费培训', '生日礼物']",大专,学历不限,5年,东莞-长安镇,"['机器人编程工程师', '开发', '维护', '调试机器人系统', '编写程序']",生产/制造/加工,全职
机器人编程工程师,6-12K,惠州,广东省伯朗特智能机械自动化有限公司,"职位类别： 机器人编程
岗位职责：
1、负责工业机器人的编程，现场安装调试，维修，夹具安装；
2、能独立完成机器人应用程序的编写、调试，机器人故障处理及记录。；
3、负责机器人冲压上下料，焊接机器人，码垛机器人的编程；
如有一年以上的电工基础，可接受生手。
能接受出差，晚上需加班
工作地点，我司惠州惠阳大亚湾办事处、中山办事处，两个地点可选

","['8小时工作制', '包住', '高提成', '绩效奖', '弹性工作时间']",不限,学历不限,1年,惠州-大亚湾区,"['结构设计', 'solidworks', 'cad']",仪器仪表,全职
机器人售后工程师,6-10K,东莞,东莞市大研自动化设备有限公司,"职位类别： 机器人售后服务及应用支持职责：

负责机器人售后维修服务，售后品质问题处理，机器人应用规划、编程，给客户制订优化方案，宣传销售我们的产品，在客户现场指导培训服务工作；

要求：
1、熟悉了解机器人本体、电控箱基本构造及原理，掌控机器人测试标定方法，会分析判断机器人故障原因，能处理常见故障；
2、熟悉市面上至少一种机器人基本操作，了解机器人系统世界坐标系，用户坐标系、工具坐标系、关节坐标系的用法，会编程、对点及调试；
3、熟悉电气基本知识，了解继电器，电磁阀的使用方式，能看懂基本的电气原理图，会电气接线；
4、能够吃苦耐劳，适应出差。

其他要求：
1、大专及以上学历；
2、机械，机电一体化及相关专业；
3、有机器人装配、测试工作经验优先；
4、有自动控制工程设计、调试经验尤佳；
5、人品诚信，踏实勤奋，有团队精神。
","['工作环境优美', '交通便利', '晋升空间大', '节日福利', '交通补助', '加班补助', '五险', '8小时工作制', '包吃']",大专,学历不限,2年,东莞-高埗镇,"['机器人售后维修服务', '售后品质问题处理', '客户制订优化方案', '现场指导培训服务工作', '掌控机器人测试标定方法']",工业自动化设备,全职
机器人焊接编程技术员,6-9K·13薪,惠州,惠州市惠扬医疗科技有限公司,"岗位职责
1. 设备和工装夹具正常使用确认；
2. 设备突发事件处理，确保设备恢复正常生产；
3. 焊接参数设定、工艺文件编制，设备改善提案；
4. 负责机修对设备的维修、保养，负责设备重大故障、异常的处理并做出预防措施；
5. 协助主管完成其它相关工作；","['包吃', '包住', '医疗保险', '全勤奖', '绩效奖', '年终奖', '节日福利', '交通便利', '免费旅游', '项目奖', '工伤保险']",高中,学历不限,3年,惠州-博罗县,['机器人焊机编程、调试'],生产/制造/加工,全职
机器人调试工程师,9-12K·13薪,东莞,东莞骆恒塑胶制品有限公司,任职要求：1、大专以上，25-35岁之间，懂发那科、雅马哈机器人编程操作运用，自动化设备的生产保养维护、2精通精雕机编程应用维护、3、精通成型工艺流程及调试、了解模具结构、4、能够独自处理自动化生产设备异常、5、性格开朗具有团队合作团建精神、,"['提供宿舍', '包住', '五险一金', '8小时工作制', '带薪年假', '绩效奖', '年终奖', '免费培训', '团队活动丰富']",大专,学历不限,3年,东莞-清溪镇,[],橡胶/塑料制品,全职
机器人集成工程师,12-15K,东莞,东莞市金隆机械设备有限公司,"工作内容及职责：
1、机器人前期方案规划，根据布局图对机器人进行模拟仿真；
2、喷涂系统设计，根据客户需求，设计供漆系统方案；
3、设备现场调试，如喷涂机器人，工业机器人调试，
4、负责项目机器人集成、机器人示教、机器人配置；
5、负责与机械\电气工程师完成项目设计，后期的项目安装主导，编写程序，机器人调试；
任职要求：
1、大专及以上学历
2、三年以上机器人应用工作经验、喷涂设备应用工作经验；
3、熟悉ABB或者安川、发那科机器人系统，能独立完成接线，调试等相关工作；
4、适应出差，能吃苦，适应加班；",[],大专,学历不限,3年,东莞-寮步镇,['非标设备'],钢铁/有色金属冶炼及加工,全职
机器人销售工程师,8-15K,东莞,东莞市福川贸易有限公司,"工作内容：
负责区域内产品的销售，收集市场信息，开发新客户，维护老客户，完成公司下达的业绩指标要求，并定时把完成情况向上级反馈。

岗位要求：
1.22-35岁，高中或中专以上学历，持C1驾驶证。
2.有机器人销售方面的相关工作经验（有技术类相关工作经验者佳）。
3.抗压性强，上进心强，富有团队精神，愿意与公司共同成长，能适应省内/外出差。
4.有敏锐的市场洞察能力，富有激情、活力且热爱销售行业。
5.愿意接受公司专业培训及养成教育，成为业界顶尖业务员。
业务员的能力及辛劳是全方面的，公司也有透明完善的提成办法奖励认真努力工作的员工，一经我司录用，将提供系统的培训和完善的福利待遇。

福利待遇
1、双休，星期一至星期五每天上班八小时（上班时间：08:30-17:30）
2、薪资待遇：起始底薪5000-7000（视工作能力底薪会不断提高）+业绩提成,成交的客户每个月带来业绩提成,新旧客户资源不段累积,做越久领越多,薪资可倍数成长.
3、缴交医社保公积金。
4、享有法定节假日，带薪年假。
5、发放年终奖金。
6、不定期组织全体员工聚餐、活动。
我公司主要代理销售日本FANUC注塑机、小型加工中心、线切割、机器人&RR加工中心设备，自动化设计及设备售后服务","['8小时工作制', '带薪年假', '试用期全薪', '全勤奖', '年终奖', '免费旅游', '交通便利', '工作环境优美', '双休', '五险一金', '话费补助', '餐补', '房补', '免费培训', '生日礼物']",大专,学历不限,1年,东莞-长安镇,[],贸易/进出口,全职
机器人调试,6.5-9K,东莞,广东睿庆智能科技有限公司,"岗位职责：
1、负责售后机器人调试陪产等；
2、负责售后机械设备进行检测和保养，并制订设备维修方案，方便日后进行查阅参考；
3、负责售后提供给客户的重点机械设备的检测和使用管理；
4、负责售后客户的重要设备抢修行动，排除设备故障；
5、负责售后机械设备的组件需求文档进行编写设计，并培训客户使用自动化设备；
6、积极参与设备优化调试等。

任职要求：
1、电子、电气或机电相关专业；
2、中专及以上学历，机电一体化或电气自动化等机电类专业；
3、2年以上自动化设备（机器人）安装调试经验；
4、看懂电气图纸、熟悉机器人输入输出电气接线；
5、熟悉ABB机器人、安川或发那科安装、调试。
6、有PLC基础懂的修改PLC程序的优先。
7、包食宿（不包早餐）。","['包吃', '包住', '加班补助', '8小时工作制', '年终奖', '绩效奖', '全勤奖', '节日福利', '交通便利']",中专,学历不限,应届毕业生,东莞-松山湖,['机器人调试'],生产/制造/加工,全职
机器人编程工程师,8-15K,惠州,惠州市运达自动化设备有限公司,"1.大专以上学历，自动化或者计算机相关专业优先；
2.熟悉编程以及调试工作，熟悉 PLC编程与应用， 熟悉人机界面的编写能力；
3.熟悉伺服电机、步进电机、变频器以及电控元件、传感器、各种智能仪表的使用以及选型；
4.能够独立完成新开发的非标设备所有电气元件选型和BOM表的建立；
3 .三年以上非标自动化设备电气设计经验优先
年龄要求：20-45岁",[],大专,学历不限,应届毕业生,惠州-惠城区,['PLC编程'],钢铁/有色金属冶炼及加工,全职
机器人调试工程师,6-12K,东莞,广东好华装备制造有限公司,"岗位职责：
1、负责对机械手臂进行编程调试；主要以库卡机器人为主，
必须熟练库卡机器人的编程和调试。

任职要求：
1、大专及以上学历，机械类相关专业；
2、能看的懂机械图纸，有一定的机械基础知识；

1、负责工业机器人系统集成调试工作，包括配置、编程、示教；机器人：ABB，库卡，发那科等
2、协助对外协人员的工作进行安排和检查；
3、协助团队主管完成其他相关技术工作；
任职要求
1、   3-5年以上自动化生产线集成项目要机器人调试经验；
2、   熟悉工业机器人配置、编程，熟悉KUKA工业机器人；
3、   了解机器人仿真、离线程序及实施流程；
4、   具有一定的PLC调试经验；
5、   具有机器人应用（APP）开发经验优先；
6、   工作积极主动，踏实认真，能够承受工作压力；
7、   适应出差和加班

","['包吃', '工作环境优美', '交通便利', '8小时工作制', '团队活动丰富']",大专,学历不限,3年,东莞-万江区,"['编程调试', '机械图纸', '机械基础']",钢铁/有色金属冶炼及加工,全职
机器人应用助理工程师,6-8K·13薪,东莞,东莞市希来自动化科技有限公司,"
岗位职责：
    锂电行业机器人应用，编程、调试及售后
任职要求：
    熟悉ABB、发那科、库卡，安川其中一款，一年以上机器人应用经验 ","['五险', '包吃', '包住', '餐补', '免费培训', '节日福利', '带薪年假', '绩效奖', '年终奖']",大专,学历不限,1年,东莞-寮步镇,[],仪器仪表,全职
机器人线束连接器项目工程师,15-18K,惠州,广东标顶电子有限公司,"职责描述：
1、整理机器人线束（伺服机线束/管线包线束/IO线束/传感器线束）所用连接器种类及产品，包括使用品牌、价格、市场分布、占有率各方面进行分析。
2、主导\参与线束连接器选型、来料品质管控、实验测试、组装工艺分析总结。
3、协助采购部寻找供应商资源，对产品质量进行全方位管控。
4、负责以上线束涉及连接器产品的开发设计，根据客户需求制定产品开发计划、参与前端连接器结构设计、中期产品试产、后期产品维护测试、全过程主导技术工作。
5、对新产品进行成本核算，输出设计图纸、bom表分析、承认书制作等相关资料，负责产品的技术改善与确认验证以及样品制作，移交相关量产资料给相关部门或外协厂。
6、新产品材料选型（包括五金件、工程塑胶选用）；制定生产工艺流程，协助工装设备选型制作。并制定相关测试标准。
7、协助业务端开发客户进行售前技术沟通，售后技术支持等工作。
岗位要求：
1、熟悉掌握2D、3D绘图软件及office办公软件。
2、熟悉连接器的设计标准、法律法规相关规范。
3、3年以上工业连接器开发设计经验，有过专案管理工作经验，熟悉连接器产品结构，制造过程，懂得产品的研制开发和生产的技改及持续改进；熟悉塑胶材料，五金材料特性；熟悉塑胶、冲压、压铸、模具结构与加工工艺；
4、有项目奖金。","['五险一金', '包吃', '包住', '8小时工作制', '免费体检', '免费旅游', '节日福利', '季度奖', '项目奖', '年终奖', '绩效奖', '工作环境优美', '交通便利']",大专,学历不限,3年,惠州-博罗县,"['连接器', '五金', '线束', '产品研发', '产品设计']",电气机械/器材,全职
机器人技工,5-6K,东莞,东莞翎乔五金塑胶制品有限公司,"岗位职责：
1、负责机器人调试；
2、负责现场异常问题处理。

任职要求：
有机器人操作与控制工作经验。","['包吃', '包住', '失业保险', '工伤保险', '生育保险', '医疗保险', '养老保险', '绩效奖', '生日礼物', '节日福利']",不限,学历不限,1年,东莞-道滘镇,"['机器人调试', '现场异常问题处理', '机器人操作', '控制']",生产/制造/加工,全职
机器人软件工程师,15-30K,东莞,广东玑智科技有限公司,"1、上位机、机器人软件开发；
2、根据项目要求完成各种技术文档编写及培训；
3、理解客户要求，制定软件设计方案；
4、售前、售后技术支持；
任职要求：
1、有自动化行业相关3年及以上工作经验；
2、熟练掌握C/C++/C#,VC,VB.net等语言程序设计，有丰富的编程经验；
3、熟悉Opencv/Visionpro/Halcon/Ni/海康VM等其中一种视觉技术应用；
4、熟悉PLC(欧姆龙、西门子、三菱等）各种通讯协议；
5、板卡/机器人熟练运用","['餐补', '房补', '话费补助', '加班补助', '五险一金', '带薪年假', '试用期全薪', '免费体检', '工作环境优美', '交通便利']",本科,学历不限,3年,东莞-寮步镇,[],工业自动化设备,全职
机器人操作员,5-6K,东莞,东莞翎乔五金塑胶制品有限公司,"岗位职责：
1、严格按照工艺文件进行现场设备操作；
2、上级安排的其他工作。

任职要求：
有机器人操作工作经验。","['包吃', '包住', '失业保险', '工伤保险', '生育保险', '医疗保险', '养老保险', '绩效奖', '生日礼物', '节日福利']",不限,学历不限,1年,东莞-道滘镇,"['工艺文件', '现场设备操作', '上级安排', '机器人操作']",生产/制造/加工,全职
工业机器人上位机软件研发工程师,15-25K,东莞,东莞行远清大科技有限公司,"岗位职责：
1、按照产品设计开发要求，负责工业机器人控制系统的软件模块人机界面等上位机程序开发及调试工作。
2、完成与下位机PLC通讯模块开发及调试工作。
3、完成机器视觉相关开发与集成工作。
4、编写代码实现软件模块功能，进行单元测试和调试，相关技术资料的编制、归档、更新等.
5、结合市场与项目需求，优化升级模块需求，按时按质完成开发任务.
6、完成领导授权和交办的其他事务。
任职要求：
1、本科3年以上或硕士1年以上自动化标准设备/工业机器人的研发工作经验，自动化、计算机、通讯工程、软件工程等相关专业 。                                                                                     
2、具备C#(WPF)的熟练编程能力，了解MVVM的设计模式，熟悉编程规范，能够有效地编写出高质量的代码。                                                                                                                               3、熟悉Socket、Modbus TCP等通讯协议。                                                                          
4、懂基本的运动控制理论优先,对机器人的原理有一定的理解,不需要懂开发 。                                 5、对机器人的使用有一定的理解和经验优先,对delta机器人有使用经验的优先 。                           6、有一定的学习能力,能快速的掌握新技术。                                                                          7、有开发UI的经验的优先。",[],本科,学历不限,3年,东莞-松山湖,"['C++', 'C#', 'QT', 'Socket', 'Modbus TCP等通讯协议']",工业自动化设备,全职
机器人上下料工程师,9-15K,惠州,惠州市运达自动化设备有限公司,"任职要求：1、机械、自动化相关专业， 学历不限；
2、熟练应用Solidworks；精通各种机械结构传动原理，熟悉自动化领域常用零部件选型
3、具备优秀的文案写作能力，独立完成项目方案撰写
4、5年以上自动化行业相关工作经验。
5、有机器人上下料设计经验，懂夹治具制作经验
工作内容：负责非标设备、自动化方向的机械结构设计、方案设计",[],高中,学历不限,应届毕业生,惠州-惠城区,['机器人上下料'],钢铁/有色金属冶炼及加工,全职
非标，自动化机器人应用项目工程师经理,10-15K,东莞,广东老安智能装备科技有限公司,"岗位职责
1.自动化设备项目厂内，客户现场进度管理
2.关键里程碑问题主导解决
3.总经理交予的其他工作
4.项目从启动到完结的过程控制管理
5.项目人员工作记录，总结，项目奖金核算，分配
任职要求：
1.非标自动化，工业机器人领域机械设计2年以上经验
2.经手完整的项目5个以上
3.执行力强，目标性强
4.沟通能力强
5.能看懂2D图
6.熟练办公软件，项目管理技巧，方法
7.年龄25-35岁
8.身体健康","['包吃', '包住', '8小时工作制', '五险一金', '免费培训', '节日福利']",大专,学历不限,3年,东莞-大朗镇,[],钢铁/有色金属冶炼及加工,全职
机器人调试员,6-12K,东莞,东莞市索岛机电科技有限公司,"岗位职责：
1、工业机器人(发那科，安川、库卡等)的调试
2、了解机器人控制系统机器人周边设备、及与周边设备的连接调试工作
3、能独立完成项目前期配置及调试任务
4、适应加班及出差
任职要求：
1.20-40岁，机器人等相关专业，
2.善于沟通，责任心强
3、能适应出差(江苏、上海、烟台、宜宾等)
福利待遇：***本次招聘属于装配部         
                  1.我们富有竞争力的高薪酬;
                  2.享购买社保
                  3. 满一年有5天带薪年假
                  4.全勤奖，节日礼品;
                  5. 带薪休假：享受国家各类带薪休假及年休假;
                  6.包食住，及出差补助，其它报销正常报销
                  7.员工活动：单位不定时聚餐，年尾尾牙，周未小食等
                 *** 给序宽广的进步空间和升职空间
                 *** 优美办公环境，人性化的工作管理氛围
                 上班时间：8：00-12：00  13：30-17：30  每周日休息
             （欢迎有能力的人过来洽谈）","['包吃', '包住', '全勤奖', '免费旅游', '工作环境优美', '节日福利', '话费补助', '五险']",不限,学历不限,不限,东莞-大朗镇,[],钢铁/有色金属冶炼及加工,全职
机器人调试员,8-15K,东莞,广东睿庆智能科技有限公司,"岗位职责：
1、负责机器人安装调试项目陪产等；
2、负责售后机械设备进行检测和保养，并制订设备维修方案，方便日后进行查阅参考；
3、负责售后提供给客户的重点机械设备的检测和使用管理；
4、负责售后客户机器人重要设备抢修行动，排除设备故障；
5、负责售后机械设备的组件需求文档进行编写设计，并培训客户使用自动化设备；
6、积极参与设备优化调试等。

任职要求：
1、电子、电气或机电相关专业；
2、中专及以上学历，机电一体化或电气自动化等机电类专业；
3、2年以上自动化设备（机器人）安装调试经验；
4、看懂电气图纸、熟悉机器人输入输出电气接线；
5、熟悉ABB机器人、安川或发那科安装、调试。
6、有PLC基础懂的修改PLC程序的优先。
7、包食宿（不包早餐）。","['包吃', '包住', '加班补助', '8小时工作制', '年终奖', '绩效奖', '全勤奖', '节日福利', '交通便利']",高中,学历不限,2年,东莞-松山湖,[],生产/制造/加工,全职
机器人售前技术工程师,15-20K,东莞,东莞行远清大科技有限公司,"岗位职责：
1、负责搜集行业客户场景应用需求/行业发展情报/行业分析；
2、根据客户要求设计技术方案，编写PPT汇报文件
3、负责与客户达成完整的技术需求文件；
4、负责项目进度计划制定和跟踪；
5、负责新行业客户的技术对接；
任职要求：
1、本科及以上学历，机械、自动化相关专业
2、至少三年以上同岗位工作经验
3、有自动化集成项目设计、包装设备集成或设计等相关工作优先考虑
4、工作主动、责任心强",[],本科,学历不限,1年,东莞-松山湖,"['AutoCAD', 'SolidWorks', 'UG', '产品设计', '机器人售前']",工业自动化设备,全职
机器人应用工程师,7-12K,东莞,广东老安智能装备科技有限公司,"工作内容
1.从事工业机器人示教,非标设备调试
任职要求:
1.年龄20-30岁,大专以上学历,电气,机电一体化,数控等先关专业.
2.熟悉工业自动化常用电气元器件.
3.懂电气图
4.对工业机器人或者自动化有浓厚的兴趣
5.学习能力强,吃苦耐劳,有意向往工业机器人方面发展
6.待遇面谈
7.熟悉工业机器人通讯
8.两年调试经验，至少熟悉一款四大家族的机器人",[],大专,学历不限,1年,东莞-东坑镇,['设备售后，PLC编程'],钢铁/有色金属冶炼及加工,全职
机械手（工业机器人）技术员/操作员/学徒,5-6K,东莞,顺天基（东莞）科技发展有限公司,"岗位职责：
1、按照生产主管要求，按时按量完成生产任务，完成当日当月生产任务；
2、按工艺要求进行生产操作；
3、服从领导安排，完成本岗以外的技术学习任务；
4、完成领导交办的临时工作；
5、底薪1900元，绩效300，全勤200，岗位津贴100-200，加班小时按劳动法算，包吃住等福利。
6、表现好的员工可向培养成技术员、学习自动化编程，工资根据技能水涨船高。

任职要求：
1、20岁-35岁；
2、具备较强的责任心，有良好的沟通能力、团队精神；
3、爱好学习、积极进取者优先录取。
","['包吃', '包住', '带薪年假', '养老保险', '医疗保险', '生育保险', '工伤保险', '失业保险', '绩效奖', '年终奖']",高中,学历不限,不限,东莞-常平镇,"['生产主管', '生产任务', '当日当月生产任务', '按工艺', '生产操作']",橡胶/塑料制品,全职
人型机器人开发软件项目经理,18-25K·13薪,东莞,东莞微久智造科技有限公司,"岗位职责：
1、熟悉工业机器人应用、编程及调试；
2、软件系统程序设计、代码编写、调试及开发文档的撰写；
3、配合项目经理完成相关任务目标；

任职要求：
1、自动化、机械电子、计算机及相关专业；
2、有1-3年的工业机器人应用及非标自动化项目设计经验、软件开发经验；
3、熟悉机器人编程和控制原理，至少熟悉1种主流品牌机器人编程和应用，如ABB, Fanuc, KUKA, EPSON等机器人，熟悉KUKA机器人优先；
4、熟悉机器人、视觉系统、PLC等设备之间的通讯及控制应用；
5、熟悉西门子、三菱PLC编程优先；
6、具备较强的逻辑分析和独立解决问题能力；富有团队精神，责任感和沟通能力；","['8小时工作制', '五险一金', '带薪年假', '试用期全薪', '全勤奖', '绩效奖', '项目奖', '年终奖', '免费培训', '工作环境优美', '交通便利']",大专,学历不限,应届毕业生,东莞-寮步镇,[],人工智能,全职
机器人视觉工程师,10-15K,东莞,东莞市冠达自动化设备有限公司,"工作内容:
1、评估自动化视觉相关项目，并设计视觉方案
2、对视觉系统硬件进行选型，包括相机，镜头和光源等
3、根据客户需求，定制化编写非标视觉软件，包括界面，通信和图像算法等
4、对接机构和电气等其他部门，落地视觉方案
5、对视觉项目的整体负责，包括从项目评估到最后的调试验收
任职要求:
1、大专及以上学历，两年以上图像视觉工作经验;
2、熟练掌握C#语言，有实际编码经验，熟练使用VS编译器
3、具备数字图像处理及模式识别相关的基础理论和算法知识
4、熟悉工业相机、镜头、光源选型
5、熟练使用Halcon或OpenCV视觉软件库进行视觉系统开发
6、能独立完成视觉项目，包括从方案的评估到视觉的选型，算法、软件的编写及最后的调试验收
7、具备较强的自学能力和独立解决问题的能力，善于团队协作与沟通
8、能适应较长时间的出差",[],大专,学历不限,1年,东莞-石碣镇,[],电子/半导体/集成电路,全职
机器人编程工程师,12-15K,东莞,东莞市金世尊电子科技有限公司,"要求：1、熟练操作机器人编程及在线网复调机；  
          2、做过汽车零部件喷涂(PVD)优先录用；
          3、熟悉各种油漆性能及处理异常能力 ；
          4、能带领涂装技术小组及培养下属能力等。
          5、薪资12-15K/26天制","['包吃', '包住', '养老保险', '医疗保险', '生育保险', '工伤保险', '失业保险', '弹性工作时间', '试用期全薪', '8小时工作制']",高中,学历不限,3年,东莞-横沥镇,[],生产/制造/加工,全职
机器人调试员,6-9K,东莞,中能精密科技(东莞)有限公司,"任职要求：熟悉 FANUC 机器人常规操作（无经验可以培训），了解机械装配，做事认真负责，
服从管理，在项目导入时能接受加班，有机械加工经验者优先。
工作职责：参与设备前期机械组装，后期厂内厂外结构和机器人调试/五轴 CNC 加工中调试，；
工资范围：6000-9000（有社保，住宿吃饭有补贴）（以面议为主）","['交通便利', '团队活动丰富', '工作环境优美', '免费旅游', '免费培训', '年终奖', '朝9晚5', '8小时工作制', '加班补助', '五险', '节日福利', '生日礼物']",不限,学历不限,2年,东莞-大岭山镇,"['机械装配', '项目导入', '加班', '机械加工']",生产/制造/加工,全职
机器人软件开发工程师,15-25K,东莞,东莞微久智造科技有限公司,"岗位职责：
1，负责机器人的运动控制算法的开发、调试和测试；
2，负责编写机器人控制相关的SDK，提供给内部同事或客户使用；
3，负责人形机器人的控制算法开发，实现机器人快节奏，高精度的上料和下料。
4，辅助参与产品的规划设计，对机械、电子等硬件给出设计意见；

岗位要求：
1，本科学历，自动控制、机械电子工程专业优先，985/211院校毕业优先，研究生优先；
2，精通C/C++、基本控制理论、数学功底强，具有较强的逻辑分析能力；
3，有丰富的多关节机器人控制经验，精通机器人动力学、运动学等；
4，精通强化学习优先。","['8小时工作制', '带薪年假', '试用期全薪', '全勤奖', '绩效奖', '项目奖', '年终奖', '房补', '餐补', '交通补助']",本科,学历不限,不限,东莞-寮步镇,"['运动控制算法', '机器人软件开发', 'C++']",人工智能,全职
机器人应用工程师,6-10K,东莞,东莞市大研自动化设备有限公司,"职责：
负责机器人在制造业的应用规划，包括给客户制订优化方案，宣传销售我们的产品，客户现场服务；
要求：
1、熟悉市面上至少一种机器人基本操作。了解机器人系统世界坐标系，用户坐标系、工具坐标系、关节坐标系的用法。
2、熟悉电气基本知识，了解继电器，电磁阀的使用方式，能看懂基本的电气原理图。
3、能够吃苦耐劳，适应出差。

其他要求：
1、 学历：大专及以上；
2、机械，机电一体化及相关专业；
3、负责机器人在制造业的应用方案设计。
4、对市场有一定的敏感度，包括给客户制订优化方案，宣传销售我们的产品，客户现场服务，
5、有自动控制工程设计、调试经验尤佳。
6、人品，诚信，踏实，勤奋，有团队精神；
7、优秀应届毕业生亦可考虑。
8、工业机器人专业毕业生可培养。","['交通补助', '工作环境优美', '交通便利', '加班补助', '餐补', '五险', '8小时工作制', '节日福利']",大专,学历不限,1年,东莞-高埗镇,"['机器人', '电气', '自动控制', '调试', '继电器', '制造业', '市场', '客户现场服务', '宣传销售', '机电', '打样', '培训']",工业自动化设备,全职
机器人调试工程师,6.5-13K,东莞,广东睿庆智能科技有限公司,"岗位职责：
1、负责售后机器人调试陪产等；
2、负责售后机械设备进行检测和保养，并制订设备维修方案，方便日后进行查阅参考；
3、负责售后提供给客户的重点机械设备的检测和使用管理；
4、负责售后客户的重要设备抢修行动，排除设备故障；
5、负责售后机械设备的组件需求文档进行编写设计，并培训客户使用自动化设备；
6、积极参与设备优化调试等。

任职要求：
1、电子、电气或机电相关专业；
2、中专及以上学历，机电一体化或电气自动化等机电类专业；
3、2年以上自动化设备（机器人）安装调试经验；
4、看懂电气图纸、熟悉机器人输入输出电气接线；
5、熟悉ABB机器人、安川或发那科安装、调试。
6、有PLC基础懂的修改PLC程序的优先。
7、包食宿（不包早餐）。","['包吃', '包住', '加班补助', '8小时工作制', '年终奖', '绩效奖', '全勤奖', '节日福利', '交通便利']",大专,学历不限,2年,东莞-松山湖,"['自动化设备', '机器人', '安装调试', '电气图纸', '机器人输入输出电气接线']",生产/制造/加工,全职
机器人调试工程师,9-14K,东莞,东莞模德宝智能科技有限公司,"岗位职责：
1、自动化单元、柔性产线的自动化电气方案评估、设计，自动化项目电气元器件BOM输出。
2、自动化单元、柔性产线的电气调试、工业机器人示教调试。
3、自动化产线的技术支持、售后工作。

任职要求：
1、大专及以上学历。
2、4年以上自动化产线调试及机器人应用工作经验，能适应出差。
3、掌握CAD或EPLAN软件进行电气图纸设计。
4、对模具/机械制造工艺有基础了解，熟悉工业机器人应用、机电一体化行业优先。
5、熟悉电气控制元件，具备至少一种常见PLC编程能力，至少一种工业机器人（FANUC/KUKA/ABB/安川）示教编程能力。","['包住', '五险一金', '免费培训', '节日福利', '带薪年假', '年终奖', '出差补贴', '双休']",大专,学历不限,4年,东莞-东坑镇,['发那科'],生产/制造/加工,全职
机器人运动规划控制工程师,10-20K,东莞,广东雷洋智能科技股份有限公司,"岗位职责:
 1.负责移动机器人路径规划、避障机制、运动控制、行为决策等算法开发；
 2.负责机器人问题分析、导航功能模块评估及相关优化开发工作。
 3.负责项目实施、样机测试、团队协调、项目结题等科研内容。
 任职要求:
 1.熟悉C/C++，Python等编程语言，熟悉Linux系统，熟悉ROS系统，Git开发管理工具； 
 2.熟悉路径规划、运动控制、状态机、行为树相关经典理论和算法；
 3.至少熟悉A*/Dijkstra/RRT/TEB/MPC/Lattice 等相关导航规划算法至少一种深入研发经验；
 4.有无人驾驶系统决策规划/多机器人调度算法开发经验者优先。","['包吃', '包住', '免费培训', '工作环境优美', '节日福利', '生日礼物', '带薪年假', '弹性工作时间', '五险', '8小时工作制']",本科,学历不限,3年,东莞-长安镇,[],电子/半导体/集成电路,全职
工业机器人非标设计师,15-25K,东莞,东莞市卓林机器人科技有限公司,"岗位职责：
1、负责机器人系统、智能装备系统的工艺设计，装配工作；
2、负责工业机器人及焊接机器人项目可行性研究、分析及计划的制定；
3、负责焊接自动线、装配自动线等基于主流机器人应用的自动化集成项目整体解决方案；
4、负责工业机器人系统集成的设计开发，包括结构设计、部件选型、设计图纸输出等；
5、负责新技术调研和引进；

任职要求：
1、大专及以上学历，机械电子工程、自动化控制等相关专业；
2、有机器人装备集成项目经验；具备3年以上机器人应用、调试经验；
3、了解工业机器人产品对本体结构的技术要求，包括安全性、可靠性等对机构设计的要求；
4、熟悉工业机器人、机械手、操控界面的机械及外观设计及开发；","['包吃', '包住', '8小时工作制', '年终奖', '免费培训', '工作环境优美', '交通便利', '五险', '试用期全薪', '绩效奖']",大专,学历不限,3年,东莞-厚街镇,"['机器人', '工业机器人', '机械手', '操控', '机械', '机器人应用', '调试', '部件选型', '安全性', '智能装备', '装配', '计划', '可靠性', '结构设计', '新技术调研', '设计图纸输出', '焊接', '机械电子工程', '自动化控制']",仪器仪表,全职
机器人、模具及数控学徒,5-6K,东莞,东莞凤岗嘉辉塑胶五金有限公司,"职位类别：
学徒岗位：机器人操作、模具、数控折弯、数控冲床、激光切割。
岗位要求：工作经验不限，初中及以上学历，应届生也可以。
公司提供多方面学习平台，学习半年后可晋升。","['五险', '带薪年假', '年终奖', '节日福利', '生日礼物', '工作环境优美', '交通便利', '团队活动丰富']",不限,学历不限,不限,东莞-凤岗镇,[],生产/制造/加工,全职
机器人操作员,5.5-7K,东莞,顺天基（东莞）科技发展有限公司,"岗位职责：
1、严格按照工艺文件进行现场机器人、激光开料、压槽机的操作；
2、完成出厂设备的工艺调试、编程、排版工作；


任职要求：
1、看懂图纸、会排版、熟练运用CAD软件；
2、责任心强、有较强的沟通能力、团队合作精神。
条件优秀者工资可面谈。","['包吃', '包住', '带薪年假', '养老保险', '医疗保险', '生育保险', '工伤保险', '失业保险', '绩效奖', '年终奖']",高中,学历不限,1年,东莞-常平镇,"['机器人', '激光开料', '压槽机', '技术员']",橡胶/塑料制品,全职
工业机器人安装调试技术员,6-12K,惠州,广东省伯朗特智能机械自动化有限公司,"岗位职责：
1、负责工业机器人的编程，现场安装调试，维修，夹具安装；
2、能独立完成机器人应用程序的编写、调试，机器人故障处理及记录。；
3、负责机器人冲压上下料，焊接机器人，码垛机器人的编程；
如有一年以上的电工基础，可接受生手。
能接受出差，晚上需加班
工作地点，我司惠州惠阳大亚湾办事处、中山办事处，两个地点可选。


任职要求：
1、年龄23-48岁；
2、高中以上学历，有自动化、机电、机器人安装调试相关经验
3、能吃苦耐劳，适应出差，为人踏实；
4、沟通能力好，逻辑性强，思维清晰，能对现场各类异常问题点进行分析及处理；
","['包住', '高提成', '绩效奖']",本科,学历不限,1年,惠州-大亚湾区,"['机器人设备的维修', '机器人故障处理及记录', '新铸件自动机械手取件', '抛光试产阶段程序编写', '优化', '使用和维护手册的管理', '日常耗材申购', '中型企业', '自动化', '编程', '家电', '五金', 'office', 'ABBRobotStudio', '异常问题', '分析及处理']",仪器仪表,全职
机器人喷粉技工,8-10K,东莞,东莞凤岗嘉辉塑胶五金有限公司,"岗位职责：
1﹑依据产品特点和喷涂要求进行机器人编程，确保表面喷涂效果符合产品要求。 
2﹑进行机器人日常维护和保养。
3﹑编写机器人操作规程。


任职要求：
1﹑熟练操作川崎或ABB机器人 。
2﹑熟悉五金产品喷涂处理工艺流程。
3﹑熟悉涂料性能与涂料工艺。
4﹑对喷漆设备及涂装原理有一定的认识与了解。","['五险', '带薪年假', '年终奖', '节日福利', '生日礼物', '团队活动丰富']",不限,学历不限,2年,东莞-凤岗镇,"['机器人编程', '机器人日常维护和保养', '川崎', 'ABB机器人', '涂料性能', '涂料工艺']",生产/制造/加工,全职
机器人应用工程师,9-12K,东莞,东莞市润马智能科技有限公司,"岗位职责：
1、熟悉机械手、工业机器人应用、编程及调试；
2、软件系统程序优化、熟悉工装治具调试；
3、配合项目经理完成相关任务目标；

任职要求：
1、自动化、机械电子、工业机器人及相关专业；
2、有3-5年的工业机器人应用及非标自动化项目调试经验、软件路径动作优化经验；
3、熟悉机器人编程和控制原理，至少熟悉1种主流品牌机器人编程和应用，如ABB, Fanuc, 安川等机器人，熟悉那智机器人优先；
4、熟悉机器人、视觉系统、PLC等设备之间的通讯及控制应用；
5、熟悉三菱PLC编程优先；
6、具备较强的逻辑分析和独立解决问题能力；富有团队精神，责任感和沟通能力；","['包吃', '年终奖', '生日礼物', '免费旅游', '工作环境优美', '五险一金', '带薪年假', '绩效奖', '节日福利', '交通便利']",大专,学历不限,5年,东莞-横沥镇,"['工业机器人应用', '编程', '调试', '机器人', '控制', '那智', '视觉系统', 'plc', '西门子', '三菱plc', '工业机器人', '非标自动化', '软件开发', '代码编写', '项目经理', '开发', '软件', '自动化', '机械电子', '计算机']",仪器仪表,全职
机器人编程工程师,10-20K,东莞,东莞市天美新自动化设备有限公司,"负责对新项目机器人方案可行性进行仿真模拟；
2、负责对含有机器人焊接项目进行离线编程工作；
3、负责新项目机器人选型工作；
4、负责制造商及供应商沟通，保证机器人与程序的设计正确性；
5、负责机器人系统方案规划等。

任职要求：
1、机器人/电气/自动化专业；
2、有2年以上机器人设备现场安装调试经验，具备设备维修指导能力；
3、会三菱、西门子PLC编程优先录用。","['包吃', '包住', '养老保险', '医疗保险', '生育保险', '工伤保险', '失业保险', '年终奖', '节日福利', '工作环境优美']",本科,学历不限,2年,东莞-桥头镇,"['机器人', '现场安装调试', '焊接', '制造商', '供应商', '设备维修', '电气', '自动化', 'PLC编程']",钢铁/有色金属冶炼及加工,全职
机器人技术/调试/售后技术员,5-7K,东莞,广东恒星机器人科技有限公司,"岗位职责： 

1、懂生产的机械安装工艺流程； 
2、懂机械的维修、保养、售后安装调机； 
3、生产过程中发现品质问题的处理和改善；
4、懂机械系统的调试、参数的优化；
5、主管交办的其他事项。 
6、能够出差独立处理好产品售后问题。

任职要求： 

1、20-35岁以下，机械、电气、自控等工科相关专业者优先，高中以上学历； 
2、二年以上机械、电气产品的安装、调试等售后服务工作的相关经验者优先； 
3、有较强的学习能力和沟通能力、计划性强； 
4、工作责任心强，具团队合作精神，勇于承担工作压力； 
5、身体健康，能吃苦耐劳，可以适应国内出差；","['包吃', '包住', '全勤奖', '绩效奖', '年终奖', '8小时工作制', '五险', '话费补助', '高提成', '项目奖', '免费培训', '五险一金', '工作环境优美', '带薪年假', '节日福利', '免费旅游']",高中,学历不限,2年,东莞-横沥镇,"['机械', '电气', '安装', '调试', '售后服务', '主轴', '返修产品', '自控', '维修', '设备维修']",仪器仪表,全职
机器人操作技工,6-7.5K,东莞,东莞凤岗嘉辉塑胶五金有限公司,"岗位职责：
1、负责机器人生产工序的模具上落及调较；
2、按生产编排操控机器人加工五金产品；
3、处理机器人生产中模具异常问题。 
任职要求：
1、初中以上学历；
2、一年以上五金上模调模经验，懂五金生产工艺流程，懂机械识图及量夹具使用；
3、具有良好的团队合作精神，能吃苦耐劳。","['带薪年假', '年终奖', '团队活动丰富', '免费培训', '五险一金']",不限,学历不限,1年,东莞-凤岗镇,"['五金', '模调模', '机器人', '模具', '操控']",生产/制造/加工,全职
机器人应用工程师,8-15K,深圳,深圳市捷牛智能装备有限公司,"岗位职责：
1、负责项目内机器人运动控制编程，包括逻辑设计、代码编写、调试与优化。
2、能独立负责工作站中机器人部分逻辑编写；

岗位要求：
1、大专以上学历，相关专业背景优先
2、拥有3年以上机器人编程与调试经验，能独立完成工作站中机器人部分逻辑编写。
3、熟悉主流工业机器人（ABB、发那科、川崎，汇川，爱普生，埃斯顿，卡诺普，图灵等）的调试和编程，至少精通1-2款。
4、熟悉常用通讯通信协议，如Modbus/tcp、Ethernet/IP、Socket等。
5、有PLC开发或视觉开发经验优先。
6、具备良好的学习能力与快速上手新技能的能力。

工作时间：大小周（24天制）","['包吃', '包住', '加班补助', '年终奖', '绩效奖', '节日福利', '团队活动丰富', '五险一金']",大专,学历不限,3年,深圳-龙岗区,"['机器人选型', '机器人编程', 'ABB', '发那科']",工业自动化设备,全职
机器人调试员,9-11K·13薪,东莞,广东蓝光智能科技有限公司,"岗位职责：
1、公司指令精神及相关政策的传递与贯彻
2、安排维护和改进自动化导入设备：
3、负责公司内部制作的自动化设备安装与调试：
4、组织相关部门协助优化新自动化设备：
5、辅助制造单位对设备进行维护，确保设备正常、稳定生产：
6、完成上级交代的其它工作。
岗位要求：
1、熟悉6轴机器人（FANUC）(KUKA) 编程调试， 4轴EPSON机器人编程调试
2、会选型非标设备的所使用的电子元器件如电磁阀，传感器，气缸及光纤传感器
3、能识别简单电路图与PLC程序图， 有电工证者优先。
4、此岗位为两班倒。","['五险一金', '年终奖', '免费培训', '免费体检', '节日福利', '两班倒']",高中,学历不限,3年,东莞-长安镇,"['库卡', '发那科', '汽配件', '两班倒']",生产/制造/加工,全职
机器人技术员,8-9K,东莞,东莞市康特金属制品有限公司,"2年以上工作经验、能独立调校模具
必须熟练操作川崎机器人、翠峰机器人
能适应两班倒","['包吃', '包住', '话费补助', '加班补助', '五险一金', '8小时工作制', '交通便利']",高中,学历不限,1年,东莞-清溪镇,"['川崎机器人', '模具']",生产/制造/加工,全职
机器人装配技术员,4-7K,东莞,东莞市辉胜自动化设备有限公司,"1.懂得基本机械原理，会看装配图纸，能根据图纸独立装配机械设备；
2.有自动化设备行业经验者优先；
3.服从工作安排，有良好的团队意识；
4.具备较强的学习和沟通能力。

本岗位是公司管理骨干.高管.工程师的提拔岗位，机械.电气.工业机器人.汽车.机电等专业或者想从事这个领域的都可以来面试！","['五险；社保', '空调宿舍全天热水', '包吃包住', '年终抽大奖', '免费旅游生日礼物', '年终奖', '团队活动丰富', '餐补', '全勤奖', '节日福利']",大专,学历不限,应届毕业生,东莞-石碣镇,"['技术', '机械', '电气', '工业', '汽车', '机电']",仪器仪表,全职
机器人示教工程师,12-16K,东莞,祥鑫科技股份有限公司,"岗位职责：
1、主要负责摩擦焊FSW程序调试、应用技术创新；
2、主要负责摩擦焊工艺参数调试。
3、熟悉CNC程序编程，调试。
4、会机器人程序调试优先，会焊接工艺优先。
岗位要求：
1、中专以上学历，自动化及相关专业；
2、2年及以上自动化、摩擦焊、CNC、工业机器人应用示教相关工作经验。
","['餐补', '五险一金', '带薪年假', '年终奖', '节日福利', '生日礼物', '工作环境优美']",中专,学历不限,5年,东莞-长安镇,"['安川', '川崎', 'abb', '库卡', '法那科', '工业', '大型', '应用技术创新', '调试', '自动化']",钢铁/有色金属冶炼及加工,全职
机器人技术员,4.5-6K,东莞,东莞凤岗嘉辉塑胶五金有限公司,"岗位职责:
1、根据项目要求开展调试，安装，检测，收集数据完成机器人应用技术项目和科普实验项目。
2、机加工工艺分析及调配。

任职要求：
1、大专以上学历，机器人专业优先，优秀的应届生亦可
2、一年以上工作经验
3、熟悉机器人运作认知及编程，CAD机械制图

","['养老保险', '医疗保险', '生育保险', '工伤保险', '失业保险', '带薪年假', '免费旅游']",大专,学历不限,应届毕业生,东莞-凤岗镇,"['机器人', '科普', '机加工工艺分析']",生产/制造/加工,全职
新材料销售代表/销售工程师,15-30K,东莞,珠海市卓和化工科技有限公司,"职位概述
广东卓和新材料公司是一家专注于新材料研发、生产和销售的高新技术企业，致力于为国内外客户
提供优质的高分子新材料解决方案。公司秉承创新、绿色、可持续的发展理念，不断推动行业技术
进步。目前公司主要产品：丙烯酸树脂、聚酯树脂、氨基树脂、电子化学品、UV树脂。

主要职责
市场开发：
负责以丙烯酸树脂、聚酯树脂、氨基树脂、电⼦化学品、UV树脂等为主的销售及市场开发工作，完
成销售指标。
客户关系维护：
拜访潜在客户，建立并维护良好的客户关系。分析客户需求，积极与技术部、应用服务部沟通，为
客户提供专业的解决方案。同时，协助公司进行市场调研，了解市场动态，收集竞争对手信息。

任职要求
学历: 大专学历以上 
经验: 有2年以上相关工作经验最佳，对销售岗位感兴趣。
技能: 熟练使用财务软件及办公软件（如Excel）。
具备良好的数据分析能力和沟通能力。
其他: 具备团队合作精神，责任心强，能够承受一定的工作压力。
薪资待遇：根据个人经验和能力面议，提供竞争力的薪资和福利（额外商业保险+不定期团建旅游+
专业培训等）","['八小时工作制', '带薪年假', '年终抽奖', '生日祝福及礼物', '包吃', '8小时工作制', '生日礼物', '五险', '弹性工作时间', '交通补助', '话费补助']",大专,学历不限,2年,东莞-松山湖,[],生产/制造/加工,全职
涂布机长（TPU新材料）,10-18K·16薪,东莞,东莞市雄林新材料科技股份有限公司,"岗位职责：
1、对流延车间产品工艺流程熟悉，有TPU新材料行业同等职位2年以上工作经验；
2、按照生产主管要求，按时按量完成生产任务，完成当日当月生产任务；
3、有品质意识，有责任心，按生产工艺要求进行安全生产操作；
4、从事过流延吹膜经验者优先。
福利待遇：薪资面议，包食宿（空调宿舍，有夫妻房，有热水供应）。","['五险一金', '带薪年假', '免费培训', '节日福利', '交通便利', '全勤奖', '绩效奖', '生日礼物']",不限,学历不限,2年,东莞-道滘镇,"['生产', '工艺', '调机', 'TPU新材料', '新材料贴合机', '新材料流延机', '新材料透明对压机', '新材料压纹机', '新材料涂布机']",生产/制造/加工,全职
高分子化工/化纤/新材料,8-12K,株洲,东莞市圣高机械科技有限公司,"岗位职责:
1、负责研发项目的调研、计划、实施和结题；
2、项目完成后，负责移交整套工艺性文件，指导生产人员进行生产；
3、协助销售人员进行相关产品的市场推广和销售，并解决客户提出的问题；
4、对新、老产品进行技术改进；
岗位要求:
1、本科及以上学历：
2、具备优秀的专业理论知识和较强的实际研发经验，从事过树脂、橡胶、超硬材料等相关研发和产品开发的人员优先考虑。
3、具备较强的逻辑思维能力，能独立思考和解决问题。
4、具备较强的沟通能力和团队协作能力。有较强的责任心和敬业精神。","['五险一金', '年终奖', '团队活动丰富', '免费培训', '工作环境优美', '带薪年假', '项目奖']",本科,学历不限,1年,株洲-石峰区,['高分子材料，化学工程'],钢铁/有色金属冶炼及加工,全职
新材料研发工程师,12-20K,东莞,东莞市夏阳新材料有限公司,"岗位职责：
1、负责陶瓷粉体、粉粒的制备，满足新产品开发需求；
2、负责陶瓷粉体、粉粒材料的分析、研究，出具研发报告；
3、不断改善原粉制备过程和工艺，提升产品竞争力，交付研发成果。

任职要求：
1、本科以上学历，陶瓷材料，无机非金属材料方向；
2、熟悉氮化硅原粉体材料，有陶瓷粉体、粉粒制备经验；
3、熟悉陶瓷粉体、粉粒的材料特性和相关工艺
4、5年以上氮化硅等原粉制备经验；
5、逻辑思维严谨，有敬业精神和专研工功底。

","['包吃', '包住', '加班补助', '绩效奖', '免费旅游', '团队活动丰富', '五险一金', '节日福利', '免费培训', '工作环境优美']",本科,学历不限,5年,东莞-常平镇,[],钢铁/有色金属冶炼及加工,全职
研发工程师（液态新材料）,13-18K,东莞,万裕三信电子（东莞）有限公司,"1.大专及以上学历，物理、电子或化学相关专业
2.至少两年以上电子元器件行业液态新材料的开发及各种材料的试验等工作经验
3.有铝电解电容行业材料研发工作经验者优先","['五险', '带薪年假', '绩效奖', '试用期全薪', '节日福利', '免费培训', '公司重点项目']",大专,学历不限,2年,东莞-长安镇,"['电子元器件', '液态新材料', '铝电解电容', '材料研发', '物理', '电子', '化学']",电子/半导体/集成电路,全职
品质工程师（芯片封测）,8-12K,惠州,广东瑞讯电子科技有限公司,"岗位职责
1.负责对生产过程中存在的质量隐患提出纠正及预防措施，保证生产在受控和稳定的状态进行;
2.加工厂生产产品的品质监督，及作业人员的培训和指导；
3.上线异常处理，对生产过程中出现的异常进行分析、确认。并拉通相关部门制定整改措施
并跟进落实效果；
4.推动产品项目的试产、量产导入工作及基础资源的协调；
5.品质检验规范制定及改进，确保质量检验方式正确、有效，检验结果可靠；
6.协同相关部门对生产工艺优化改善落实，并跟进记录改善效果；
7.客户投诉处理及异常8D报告回复；

任职要求：
大专学历，有2年以上电子/芯片封测制程管理工作经验,","['包吃', '包住', '带薪年假', '全勤奖', '绩效奖', '节日福利', '五险', '年终奖', '免费培训', '免费旅游']",中专,学历不限,3年,惠州-博罗县,"['品质工程师', '芯片封测', '质量管理体系', '质量管理决策', '质量管理计划', '质量检验标准', '产品信息反馈', '统计流程', '质量控制方案', '物资采购', '产品生产', '出入库总检', '质量监督', '质量检验记录', '新产品试制', '质量控制', '自检资料', 'LED封装']",电子/半导体/集成电路,全职
芯片（IC）烧录机操作员,5-7K,东莞,东莞市共博电子科技有限公司,"1、按照车间主管要求，按时按量完成生产任务，完成当日当月生产任务；
2、按客户要求工艺要求进行生产操作；
3、服从领导安排，完成本岗以外的技术学习任务；
4、完成领导交办的临时工作。
5、会操作电脑（简单的办公软件会即可）

IC芯片程序导入，电子元件测试（客户会提供芯片和烧录程序，需要会把程序通过烧录器烧录到芯片里）
会操作电脑，18-35，男女不限
能吃苦耐劳，会操作烧录器者、有在电子厂上班经验者优先","['包吃', '包住', '年终奖', '餐补', '房补', '加班补助', '五险', '8小时工作制', '带薪年假', '全勤奖']",不限,学历不限,不限,东莞-长安镇,"['生产', '生产操作', '机械', '电子料', '技术学习', '生产任务']",电子/半导体/集成电路,全职
西安军工销售业务员,8-10K,西安,广东三木科技有限公司,"岗位职业：
1.负责军工领域潜在客户的开发；
2.负责销售项目的全程跟进，确保项目的顺利推进，完成销售任务；
3.开拓并维护军工行业的合作伙伴，建立多元化销售渠道；
4.做好销售合同的签署，及时处理合同变更、款项回收等事宜。

任职要求：
1.本科及以上学历，军工、电子、机械、自动化等相关专业优先；
2.具有1年以上军工销售经验，或军工领域某一市场（航天航空、船舶、电子信息等）有深入了解；
3.熟悉军工产品标准、质量体系及行业规范，能够快速理解客户需求并提供专业解决方案。

工作地点：西 安","['包吃', '包住', '养老保险', '医疗保险', '工伤保险', '8小时工作制', '绩效奖', '项目奖', '年终奖', '免费培训']",本科,学历不限,1年,西安-长安区,"['航天航空', '军工', '电子信息']",生产/制造/加工,全职
芯片设计工程师（微型扬声器）,40-70W/年,东莞,东莞市瑞勤电子有限公司,"岗位职责
1.	芯片设计与优化
61	负责MEMS SPK芯片的架构设计、声学建模及性能仿真，包括振膜结构、驱动电路、声场分布等核心模块。
61	结合工艺能力优化芯片参数，提升声压级、频响范围、失真度等关键指标。
2.	跨学科协同开发
61	与工艺工程师、封装团队协作，确保芯片设计与制造工艺（如CMOS-MEMS、深硅刻蚀等）的兼容性。
61	参与声学测试方案制定，分析测试数据并迭代设计模型。
3.	技术预研与创新
61	跟踪MEMS声学器件的前沿技术（如压电材料应用、超薄化设计），提出技术路线规划。
61	主导或参与相关专利撰写、技术文档编制及行业标准研究。
4.	项目全周期管理
61	从需求分析到量产交付，主导芯片开发全流程，解决设计-制造-应用中的技术难点。
任职资格
核心要求：
1.	学历与专业
61	硕士及以上学历，微电子、电子工程、声学、机械工程等相关专业。
61	具备3年以上MEMS器件或声学芯片设计经验，熟悉消费电子领域（如TWS耳机、智能手机）优先。
2.	专业技能
61	精通MEMS设计工具（如COMSOL Multiphysics、ANSYS、CoventorWare）及EDA软件（Cadence、Mentor）。
61	熟悉半导体工艺流程（光刻、刻蚀、薄膜沉积）及封装技术（如WLP、SiP）。
61	掌握声学测试设备（激光测振仪、消声室）的使用与数据分析方法。
3.	软性能力
61	逻辑清晰，具备跨领域技术整合能力，能独立承担复杂项目。
61	英语熟练，可阅读国际期刊文献及参与国际技术交流。
加分项：
61	拥有压电MEMS设计经验或声学-结构耦合仿真背景。
61	主导过量产级MEMS SPK芯片项目，或发表过相关领域核心论文/专利。
薪资福利
1.	薪酬体系
61	年薪范围：40-70万元（根据资历面议），含绩效奖金、项目分红及期权激励。
2.	职业发展
61	提供国内外***MEMS技术培训资源，支持参与行业峰会及学术交流。
61	技术与管理双通道晋升机制，快速成长为团队负责人或技术专家。
3.	福利保障
61	六险一金、年度体检、带薪年假、弹性工作制。
61	配备独立实验室及高端仿真设备，提供开放式创新环境。","['包吃', '包住', '免费培训', '绩效奖', '全勤奖', '工作环境优美', '五险', '试用期全薪', '免费旅游', '年终奖']",硕士,学历不限,不限,东莞-寮步镇,[],电子/半导体/集成电路,全职
芯片设计工程师(MEMS MIC),30-60W/年,东莞,东莞市瑞勤电子有限公司,"二、岗位职责
1.	芯片设计与仿真
61	主导MEMS麦克风芯片的声学结构设计，包括振膜、背板、声学腔体等核心组件；
61	使用COMSOL、ANSYS等工具进行声-机-电多物理场耦合仿真，优化灵敏度、信噪比、频率响应等核心性能指标。
2.	工艺对接与流片
61	协同工艺工程师完成MEMS麦克风的工艺开发，解决刻蚀、沉积、键合等工艺兼容性问题；
61	主导芯片流片全流程，包括版图设计、工艺参数调试及良率提升。
3.	测试与可靠性验证
61	制定芯片电声性能测试方案，分析测试数据并反馈至设计迭代；
61	完成高低温、振动、老化等可靠性验证，确保产品符合车规/工规标准。
4.	跨部门协作
61	与封装团队协同优化芯片封装结构，降低寄生效应；
61	支持客户应用端的技术对接，解决声学系统集成问题。
________________________________________
三、任职要求
1.	学历与专业
61	硕士及以上学历，微电子、电子工程、材料物理、声学等相关专业；
61	博士学历或具备MEMS麦克风设计经验者优先。
2.	技能要求
61	精通MEMS器件设计原理，熟悉电容式/压电式麦克风技术路线；
61	熟练使用Cadence、L-Edit等EDA工具，掌握半导体制造工艺基础知识；
61	具备声学测试经验（如消音室、AP测试系统）者优先。
3.	经验与素质
61	3年以上MEMS设计或声学传感器开发经验，主导过量产项目者优先；
61	逻辑清晰，具备独立解决问题能力，适应快节奏研发环境。
________________________________________
四、薪资福利
61	薪资范围：年薪30-60万（面议，根据资历及项目经验浮动）；
61	福利体系：六险一金、带薪年假、年度体检、股权激励；
61	发展支持：国际技术交流机会、专利奖金、定制化培训计划；
61	工作环境：开放式实验室、高端测试设备、弹性工作制。
________________________________________
五、应聘方式
1.	工作地点：东莞市或面谈。","['包吃', '包住', '免费培训', '绩效奖', '全勤奖', '工作环境优美', '五险', '试用期全薪', '免费旅游', '年终奖']",硕士,学历不限,不限,东莞-寮步镇,[],电子/半导体/集成电路,全职
军工开关结构工程师,18-22K,东莞,东莞市恒昌智能科技有限公司,"任职要求：
1、机械设计制造及其自动化、机电一体化及相关专业本科及以上学历；
2、3年以上研发类工作经验，有传感器、开关、操纵组件开发经验者优先；
3、熟练操作pro/e、solidworks、CAD制图软件，能够熟练应用CAE软件（ANSYS、ABAQUS等）进行产品结构及零件分析者优先
4、具备数据分析能力，有Matlab软件操作经验；
5、有军品类产品开发经验，熟悉军品设计开发流程，能独立编写各类技术文件；
6、具备分析、解决问题的能力，具有良好的学习能力，沟通能力和团队合作能力；
   5.5天制 26-42岁  中高级都招（具体薪资优秀者面谈）","['包吃', '包住', '五险一金', '免费培训', '生日礼物', '节日福利', '团队活动丰富', '工作环境优美', '交通便利']",本科,学历不限,3年,东莞-塘厦镇,"['机械工程专业', 'AutoCAD', 'ProE', 'SolidWorks', '电子产品', '军品类产品', '开关', '传感器', '操纵组件']",仪器仪表,全职
FAE（电源芯片）,8-13K,东莞,东莞晶汇半导体有限公司,"岗位职责：
1、协助销售推广公司产品，并对重点项目进度及时跟踪；
2、配合销售人员向客户提供产品选型及客户调试过程中的技术支持；
3、对销售人员进行必要的产品知识培训，整理并制作产品推广应用的产品部分宣传资料；
4、处理客户中生产中出现的品质异常问题；
5、为公司新产品开发收集市场信息和技术指标。
任职要求：
1、热爱开关电源技术，有扎实的模拟电子技术、电路、电力电子技术等专业知识；
2、熟练使用至少1种PCB画图工具软件，具备能够独立设计开关电源的能力；
3、对EMC、安规知识有一定了解，具有抗干扰性设计与EMC布局布线经验；
4、有开关电源设计或电源芯片FAE工作经验优先考虑。","['包吃', '双休', '带薪年假', '年终奖', '全勤奖', '团队活动丰富', '绩效奖', '包住', '五险一金', '节日福利']",大专,学历不限,1年,东莞-黄江镇,[],电子/半导体/集成电路,全职
